code,title,subjects,credits,description
ARTS201,"Exploring Art, Understanding Culture",arts|sociology,4,"This course will help students develop conceptual frameworks for exploring the arts as cultural practice and aesthetic experience. Concepts and issues in the study of expressive cultures will be introduced by drawing on periods, movements, genres and traditions from different world art cultures. The course will interweave experiential and analytical learning with socio-historic and critical interpretations, drawing on a variety of examples. Thematic units in the course include a consideration of art as experience; sensing, perceiving and feeling as cultural praxis; meaning making; social organization of cultural practices; power, identity and the politics of representation. Examples could be drawn from ancient, medieval, pre-modern, postcolonial and contemporary periods. Throughout the course, students will be encouraged to apply conceptual learnings to a cultural practice of their choice, giving them an opportunity to deepen their learnings from the course through immersive experience."
ARTS202,Pathways in the Arts,arts,4,"This course will introduce the students to the wide array of
 possibilities and opportunities offered by the arts as a discipline
 beyond practice. The field of art writing and criticism is
 undergoing interesting experimentation in recent times with
 several critics and writers taking recourse to new creative forms
 in writing on art. Similarly, the arts are sustained by an interlinked
 scaffolding of supporters and allies, as can be seen in arts
 management, grant making, conservation, curation, advocacy,
 activism, journalism and scholarship. Practitioners in each of
 these fields, often called mediators or translators of the arts, help
 in the dissemination, perception, transaction, and value-creation
 of arts. In other words, they form the ecosystem within which art
 can thrive. In this course, students will learn how such mediators
 have engaged with the arts through a series of seminars, talks,
 and discussions. Through separate writing workshop modules and
 working groups, students will acquire basic skills in some of these
 practices. The course aims to instill students with a curiosity to
 explore future pathways into the arts, encouraging the use of
 their interdisciplinary skills and knowledge and expanding the
 horizon of the arts beyond professional practice into everyday
 life. This course is best augmented with the Performance
 practicum course offered as well as electives focussed in some of
 these practices.
 Learning Outcomes
 1. Introduction to various practices of mediation and
 engagement with the arts.
 2. Acquiring some basic understanding and working
 knowledge of some of these practices,
 eg. writing, curation, activism etc.
 3. Enabling future interdisciplinary pathways into the arts."
ARTS205,Art Technologies and Design,arts,4,"Art Technologies and Design is an art technologies course introducing technical skills and proficiencies that equip students to participate in the ever-growing digital and multidisciplinary arts practices. We will discuss current trends in the fields of digital media design, sound art and communication. The course will focus on the philosophy of sound and listening, introducing students to industry-valued production practices in sound design for film and experimental mediums. The course will encourage learners to collaborate and innovate, based on their interests 
and experiment with professional technologies, be it hardware equipment or software. Through small-scale projects students will learn methods of recording sounds, manipulating them and stitching audio-visual narratives. Students interested in music will also be able to understand how to strike the right balance between sound design and backgrounds score in narratives. The three focal elements of the course are:
1) Introduce students to multidisciplinary forms in art and technology, with a focus on philosophy of sound and listening
2) Enable students with preliminary skills needed to handle the technical side of audio production
3) Encourage collaboration between students having different interests (for example between animators and sound designers, or photographers and musicians) and move towardsfuturistic,immersive art design projects.
Classes will involve practical and immersive tech sessions, interactions with industry
professionals and exploration of global immersive art scene in the pre and post-internet era.
Topics like phenomenology of sound, interdisciplinary approaches to art-technology, multimodal
documentation techniques and communication will be explored."
ARTS223,Performance Practicum - “This is how we Perform Today”,arts,4,"The journey of performing traditions (dance, music and theatrical performances) into the 20th century is pregnant with its immediate cultural memory. This course will focus on embodied learnings of some of the traditions that have been altered because of the post-colonial censuring that led to a normative establishment of artistic traditions as “classical” and “folk”. Through the course, students will encounter art practices such as Lavani, Gujjili poetry, Karakattam/Kattai Koothu, Raaja paat or  Stri Paat theatre performance and Reality show performances. Through media- embodiment, we will gain foundational knowledge of these forms even as we draw attention to notions of “purity” and “honour” attached to artistic traditions that affect the way we have inherited them. The course uses corporeality in practice as a tool to encounter the socio-political and economic lives of the artistes who practice these arts.
The course does not require the student to have prior knowledge in any art form, but must be willing to participate in class practicums. Grading will be commensurate with willingness and enthusiasm to experiment and learn, rather than expertise in practice. This course is meant to offer further insights towards the Pathways in the Arts course by way of lending an experiential understanding of artistic traditions. The classes will be a mix of embodied learnings (music, dance and theatre forms), video footage viewings and some discussions on performative traditions.
Learning Outcome
Students will learn a range of performative forms, in practice
Students will learn to pause and analyse the nuances of technique in footwork, movements, dialogue delivery and rhythms in each section
They will develop a language of movements  and also learn of the history and politics of embodied performance"
ARTS225,The Creative Economy,arts|business studies|economics,4,"Understanding the creative economy, new business models for the 21st century given the digital economy, practical business concepts applicable to a value creator, culminating in a business pitch exercise for creative economy ideas to real-time investors"
ARTS228,Music from Mud: Pottery Practicum,arts,4,"Clay working, instrument making, rhythm, and music have been part of human craft and culture since even before the formation of civil societies. From China to Peru, in every ancient culture around the world, clay flutes or ocarinas, clay horns or water whistles, or some other form of musical instrument, have all used the innate resonant quality of fired clay or the space that it contains, to produce musical notes and specific sounds.
This practical, hands-on course will start off by introducing students to the basic techniques of working with clay and making hollow forms by hand. Once students have a grasp of the fundamentals, they will explore and create musical instruments, as well as forms that amplify sound, both in the fired as well as the unfired stage of the clay. 
As a complement to hands-on work with clay, students will also study some of the forms and simple instruments in a range of ancient as well as modern cultures around the world through readings, research, videos, and guest lectures.
By the end of the course, students will be encouraged to experiment with creating and attempting to play their own wind, percussion, or string instruments with clay.

BASIC MATERIALS AND EQUIPMENT WILL BE PROVIDED IN THE CERAMICS STUDIO, ON CAMPUS.
Each student will need to take responsibility to not waste material, and ensure that the tools and work space is respected and maintained well, and also clean up after themselves, according to the instructions given."
ARTS229,Arts of the Deccan: The Early Modern Epoch from Vijayanagara to the Marathas,arts|history|literature,4,"In understanding the history of Indian arts, knowing the Deccan, its place and role, is crucial. In this course we will travel the triangular realm of “Dachinabades” as named in the first-century Periplus of Erythraean Sea, exploring its contours through the lens of its artistic traditions,literatures and cultures. Since this exploration will become very ambitious if we were to cover all aspects of Dakhina (Prakrit) arts, we narrow it down to the Early Modern Period (fifteenth-century onwards), a momentous time of which we have an immediate cultural memory, making the study of artistic heritages a traceable historicity. We will study the Deccan’s unique art forms and cultural practices through music, dance, literature, architecture, paintings, food and fabric that reflect the multicultural and cosmopolitan socio-political ambience in which rulers such as
Krishnadevaraya, Adil Shah, Raghunatha Nayaka, and  Serfoji each played significant roles.
Through readings, viewings and other detailed digital archival material we will learn to close- watch performative arts of the early modern era as milestones in the cultural history of India. The aim of the course is to enable students identify the distinct features of each of historical period such as the Vijayanagara, Sultanate, Nayaka and Maratha as well as to have a panoptic view of early modern era’s artistic legacies whose essence manifests in diverse cultural encounters. The course will prod us to think of deliberate omissions and censoring when the nation-state regrouped its artistic heritages. Coursework will include readings, class discussions-seminars and presentation style disseminations requiring high level of class participation, interactive assignments and some writing work. While the course does not demand any art practice background, those who are practitioners of any genre will be encouraged.
Course Objectives / Learning Outcomes:
To introduce some artistic traditions across genres from the early modern era and help
students learn/read the movement of art through its socio-political legacy
To work on some aspects of embodiment, wherever possible to add value and inspiration
to the course work
To interweave with the domain of history bringing a multi-perspective approach to
learning the arts, history, and society.

Course Objectives / Learning Outcomes:
To introduce some artistic traditions across genres from the early modern era and help
students learn/read the movement of art through its socio-political legacy
To work on some aspects of embodiment, wherever possible to add value and inspiration
to the course work
To interweave with the domain of history bringing a multi-perspective approach to
learning the arts, history, and society."
ARTS231,Practicum: Clay - Materials and Methods,arts,4,
ARTS241,"Philosophical, Aesthetic, and Social Dimensions in Bhakti: An Introduction",arts,4,"This course offers an interdisciplinary exploration of the tradition of Bhakti as an embodied practice of attention, to understand one’s relation with self, the divine, and the world. Through close readings of poetry, song, and performance across diverse Bhakti traditions (translated and in original wherever available), students will learn how to listen to various shades of expression of bhakti and what it implies; ultimately reaching an understanding that devotion, indeed, is an inadequate translation of it.
The course explores regional and vernacular Bhakti traditions through the voices of female saints like Meera, Andal, Akka Mahadevi, and Janabai. Listening to their poetry and songs in class will help students reflect on love, desire, and the subversion of social and gender norms. We then turn to Nirgun (Formless) Bhakti and the radical critiques of Kabir and Ravidas, examining their challenges to caste, ritualism, and hypocrisy, and their vision of an anti-caste world. Listening becomes a critical mode of engaging with Bhakti across its diverse textual and performance contexts. The course concludes with the introspective poetry of Lalla Ded (Lalla) of Kashmir and the living musical tradition of the Bauls of Bengal.
Drawing from religious studies, literary studies, ethnomusicology, gender studies, the course uses poetry, song, performance recordings, live performances, and films to facilitate a participatory understanding of Bhakti. Students will listen, participate in singing, read, and reflect not only on texts and performance, but also on the sensory and affective worlds they create."
ARTS242,"Moving Pictures, Moving Words",arts|literature,4,"Written texts have long informed audio-visual media, whether as the basis of story, research or in more subtle ways. Cinema and photography also have a notable history of inspiring writers, and writers sometimes experiment with weaving visual elements into their writing in a manner where the photographs are not merely illustrations of the text, and the text does not simply caption the pictures. Instead, the reader experiences the integrated, mutually enhancing relationship created between text and image.

We will examine the history of this complicated and fruitful relationship between words and pictures, whether in books, in direct film adaptations or in inventive recreations. We will view different kinds of non-fiction films, from classic documentaries to more poetic and elliptical uses of the cinematic medium. Discussing and analysing these will widen the understanding of how words, both spoken and written, work when forming partnerships with moving images and sound.

Course Objectives / Learning Outcomes: Discussing and analysing these will widen the understanding of how words, both spoken and written, work when forming partnerships with moving images and sound."
ARTS243,The Tactile and the Material,arts,4,"In an increasingly digital and online world we are losing touch with the physical, tactile world around us and the act of creating with our own two hands. Existing creative pursuits are turning digital and the opportunity to engage in tactile craft practices, creating using physical tools and materials, is increasingly rare. 

 This course introduces students to techniques of crafting and expressing creatively using a variety of tactile materials, and gives them the opportunity to learn a hands-on skill.
 All students will have introductory sessions of basic drawing, colour theory, colour mixing, printing, paper manipulation, clay work, yarn, fibre, simple looms, fabric, sewing, dyeing, and using found materials.

 They will then each pick one of these mediums to explore in depth and undertake disciplined practice of, while situating it in a historical and traditional context.
 
 There may be a field trip too."
ARTS315,Modern day Storytelling: An introduction to documentary filmmaking and its use in peoples and environmental movements,arts|environmental studies|history,4,"Documentary films are modern, technology driven storytelling. A medium that can turn anyone’s life and its stories into interesting visual narrations. This course follows the journey of the camera from being a tool that exudes aesthetics, creativity, and capturing of memories, to becoming the strongest instrument of resistance in the struggles of ordinary people. Through a series of interactive lectures the students will explore how the medium of documentary filmmaking can bring stories that are invisibilised, to light. 
At the core of documentary filmmaking lies the critical concept of integrity, the ability to visually capture stories of people and the world just as we see it. Hence, this course will allow students to not only immerse themselves in historicity, but also develop ethics in practice."
ARTS330,Creative Makers Studio,arts,4,"A practicum course that offers students with creative ideas and projects to be matched to industry mentors and work on their projects through to execution. Creative ideas that can be tested out in the real world, venture ideas that can be incubated and see initial proof-of-concept, research ideas that go from page to stage, productions that can be staged - all of these constitute the world of creative ideas within the ambit of the course. Specific weeks focus on different phases of creative ideation, and examples from different creative domains are used to illustrate and mentor students on project progress.
Students will work on a creative product from idea to execution. Design thinking practices, project management tools and ideation workshops will enable students to work on producing a market-ready product. Emphasis is placed on showcasing the product at relevant public forums and thus act as a bringing together of learnings from several disciplines."
ARTS333,The World(s) of Music (Practicum),arts,2,"The different worlds of music - genres, traditions and movements are surveyed with both conceptual overviews and practical guided listening sessions. The course culminates in students working on a music production project - which can be a recital, a composition or even a music podcast - depending on the nature of self-paced exploration that they choose to undertake. 
Through guided listening, small compositional projects, analysis and discovery – we discover the diverse world of music in this practicum. We explore traditions, contexts and usage, while studying similarities and dissimilarities across different musical genres and forms. The course will culminate in a music production project - where the class participates in an audience-facing composition."
ARTS336,Shooting The Godfather,arts|literature,4,"The course will begin with a reading of Mario Puzo&#39;s 1969 betseller The Godfather, followed by close viewings of the two films by Francis Ford Coppola based directly on the novel – The Godfather (1972) and The Godfather Part 2 (1974). This will become the platform from which we will explore the relationship between written fictions and cinematic adaptations. Viewing the films, we will analyse the choices made by Coppola and Puzo as scriptwriters. What parts of the story were included and excluded in the first film and why? Which bits were then used as a basis for the second film? Which were the completely new story elements? How did that work? As we do this we will also discuss basic western narrative
structures leading up to Hollywood&#39;s all-pervading &#39;three-act&#39; structure. In the latter part of the trimester we will look at the many different &#39;avatars&#39; and spinoffs the basic Godfather narrative has taken on since the early 70s, both in the west and here in India.
We will view and discuss segments from commercial Bombay cinema&#39;s idea of &#39;The Don&#39; to the plethora of gangster films from the late 1980s onwards, such as Nayakan, Satya, The Gangs of Wasseypur etc. Towards the end of the course we will become familiar with some
of the critiques of and alternatives to the three-act structure in cinema and in written fiction. The course will be based on intensive participative discussions that will center around how written narrative feeds into cinema and also how cinema and cinematic elements now feed
into creative writing of all kinds.
Course Objectives/Learning Outcomes: To understand better the interaction between written fiction and its screen adaptations. How to start thinking cinematically. Students will also gain a basic understanding of scripting, shot-breakdown, dialogue, art direction, acting, camerawork, sound, music, editing and how these contribute to the finished film. Through a process of comparison and analysis the student will better understand how a particular ""base-narrative""; can become the fertile ground from which vastly different versions of itself are
generated."
ARTS338,Jaalis: Cutting through from the Past to the Present,arts,4,"The cut work windows, or “jaalis”, as an aesthetic as well as a practical architectural feature, has been used in multiple cultures through history, typically in hot and arid places. This was most famously used, and most well-crafted (in stone), during the Mughal era. Jaalis have been made in wood, stone, ceramics, and even, (rarely), in metal. As this is a ceramics course, we will touch upon all of them and their histories, but concentrate mostly on the designing and making of terracotta clay jaalis.

In this course you will study the history of jaalis and then go through the process of sketching patterns, drawing inspiration from what we see around the campus, to develop and execute your own modular jaali design. You will learn to convert your designs from 2D to 3D and make a sample jaali window section, and fire it. You will learn the processes that the material requires and learn about utility specific design and execution, giving you an appreciation for craft and craftsmanship."
ARTS340,Documentary Film Documentary Film-Making in the Times of Crisis,arts,4,"This course provides a comprehensive understanding of the critical role that independent documentary filmmakers play in portraying and questioning India's complex socio-political landscape and offers practitioner’s insights and insider information on the realities on the ground about independent documentary film making. From decoding ideologies, knowing the nuances of identifying, approaching and filming sensitive subjects and navigating dangerous terrains while on the field to shoot, such as riots and andolans, the lens of the filmmaker becomes the unsettling truth teller of immutable visuals, facts and footage. How to negotiate between critical aesthetics and practical questions of safety, security, permissions and ethical concerns, will be taught in this course. Students will explore the breadth of documentary film maker’s daring journeys and documentary films/ raw footages and archives as the crucible of the times we live in, be it the Emergency, Delhi Riots or CAA protests. The crux of the course is how much truth can one tell in a climate of censorship and how?"
BIOS121,Bio-X: The Interconnectedness of Life,biology,2,"Welcome to an exhilarating journey through modern biology—a discipline that sits at the intersection of every major field of human inquiry. This course will take you on a dynamic exploration of life's interconnectedness and the innovative ways we study it. Beginning with life's origins and evolutionary foundations, we'll traverse scales from molecules to ecosystems, discovering how biology interfaces with various fields ranging from physics and chemistry to psychology and data science. Each module showcases cutting-edge research and real-world applications, such as CRISPR gene editing, AI-powered drug design and pandemic preparedness. Focusing on interdisciplinary thinking, through this course you will see how physics has helped decode photosynthesis at quantum scales, how machine learning revolutionizes protein structure prediction, and how systems biology integrates vast datasets to understand complex diseases. A hands-on laboratory tour midway through the course brings these concepts to life, while modules on global change biology and epidemiology demonstrate biology's critical role in addressing humanity's most pressing challenges. The course culminates in collaborative presentations where you'll envision ""Biology X""—the next frontier of biological discovery that excites you most.
Whether you're considering biology as a major, exploring it as a complement to another discipline, or simply curious about how life works, this course reveals the extraordinary career possibilities at biology's rapidly expanding frontiers. From biotechnology startups to conservation initiatives, from computational biology to public health—the skills and perspectives you'll gain in biology are increasingly valuable across sectors."
BIOS201,Life at Different Scales,biology,4,"Based upon selected case studies, this course covers notions of scale from building blocks of life to biomes, organisational levels and integration of biological units, and the primacy of description. We start with Aristotelian classification and proceed through Early Modern natural philosophy and natural history to the discipline of biology itself in the present day. We consider the development of particular philosophies and forms of technology from the 17th to 19th centuries and corresponding development of elements of biology at different points in time, including such concepts as biogeography, ecology, evolution, cell biology, genetics, anatomy, and physiology, even as theological holds over the subject begin to waver."
BIOS205,Molecular and Cellular Biology,biology,4,"This course is an introduction to the principles that guide the multifarious processes in the cell at the molecular and cellular levels and is intended for a college level audience. The content is an answer to the question: What is the molecular basis of cellular structure and function? Concepts covered include the storage, transfer, and regulation of genetic information, the interactions between molecules, and their assembly and disassembly in cellular functions, the cytoskeleton and its role in cell and tissue shape, molecular traffic between the various cellular locations and across the membrane boundary, signaling within the cell and between cells, cellular metabolism, the cell-cycle, division, growth, development, differentiation and death, and the energy conversions that power all these processes. The course will focus more on principles than on encyclopedic detail, and will be linked to modules taught in earlier trimesters to enable comprehension."
BIOS207,LAB I,biology,2,"The course aims to bring together and synthesize the various concepts taught in the Biochemistry and Microbiology courses, to enable a better understanding of these subjects through practical application. The practicals will include instruction in basic laboratory procedures, such as the maintenance and use of a laboratory journal, acquaintance with basic laboratory rules and safety regulations, the preparation of solutions and buffers, the measurement of mass and pH, calculation of solution concentrations as normality, molarity, molality, or as mass/volume, volume/volume etc, the preparation of solutions and buffers, the estimation of error in measurements of mass, volume, pH and other variables*, the use of basic laboratory glassware/plasticware and instruments, the extraction and estimation of protein or DNA in solution, the use of the compound- and stereo-microscopes, the gram staining of bacteria, the preparation of bacterial media (Luria Bertani or another), the sterilization of labware and media, the preparation of culture plates, the inoculation and culture of media by various means, and the extraction and analysis of bacterial deoxyribonucleic acid by chromatography. The course may also include exercises in the laboratory using data drawn from the literature.
*Instruction in the estimation of error will be provided in PHYS lab classes intended for PHYS, CHEM, and BIOS students."
BIOS217,Microbiology,biology,4,"The course is designed for a college level audience, and is intended as a comprehensive foundation for advanced courses that students may opt for in the future. Course topics will be contemporary, and will focus on conceptual understanding and not encyclopedic detail. The course will involve the study of microbes of the various taxa, viz viruses, protozoans, bacteria, algae, and fungi, their place in the evolutionary order of things, their diversity and distribution, and their relevance in the Anthropocene. The course will use a bacterial-centric approach in its treatment of microbial taxonomy, metabolism, genetics, multiplication, and growth. Industrial, agricultural, environmental, and clinical applications and value will be highlighted wherever relevant using microbial archetypes; this will include certain clinically important pathogens and their control, fermentation as an industrial process, the use of engineered microbes in waste processing and pollution control, and agricultural pests and pest controls. The contribution of microbes to human health (as the microbiome, and as probiotics), and societal and environmental health (as degraders of waste) will be discussed. Students will be taught to isolate bacteria from their surroundings, and to examine, identify, propagate, and preserve them. Emphasis will be placed on bacterial genetics, especially the bacterial extra-chromosomal DNA (the plasmid) and its centricity in recombinant DNA techniques or genetic engineering. The course will enable the student to understand the multitudes of microbes cohabiting with humans, and the nature and degree of interaction between the two. Care will be taken to cross-reference concepts taught in this course with relevant concepts taught in earlier courses."
BIOS218,Biochemistry,biology,4,"The course is intended for second year undergraduate students and is meant to be an introduction to the physical and chemical principles that underlie and underpin the biology of organisms. The course will help students understand the molecular logic of life; it will enable them to find answers to questions pertaining to the various aspects of a biological system; these are some samples. How, in biological systems, is energy created or captured, stored, and transmuted, and how is the need for energy sensed? What are the energetic and kinetic bases of a biochemical reaction, which is in turn a unit of a physiological process? How are the various biomolecules synthesized and degraded, and how is the balance between anabolism and catabolism maintained? What are the guiding principles of this homeostasis? How are the various physiological processes orchestrated and synchronized at the level of the system? How does a bodily fluid such as blood act as a buffer, and how is this physiologically important? What are the various classes of biomolecules that make up molecular superstructures, and how do their structures help them perform their function? Instruction in the above will help the student to begin to learn to interpret experimental data, and to better understand biochemical research."
BIOS219,Comparative Genomics of Bacteria,biology,4,"Bacteria are the most dominant forms of cellular life on earth. Their ability to adapt to the entire gamut of environments
on our planet is coded somehow in their DNA. We will discuss how this fascinating kingdom of life adapts to its
circumstances by studying the structure, organisation and evolution of their genomes. We will take a conceptual and
computational approach towards these aims. A particular goal of this course will be to help students conceptualise,
design and implement (at least in part) a mini-project analysing bacterial genomes."
BIOS221,Genetics,biology,4,"From classical to molecular genetics, this course seeks to provide a close understanding of the processes involved in heredity. Beginning with the famous experiments undertaken by Gregor Mendel in the early 1860s, we move to the rediscovery of his work in 1900 and its employment in the elucidation of such aspects as linkage and crossing over, as well as chromosomal aberrations and mutations. The molecular basis for genetics finds root in the Evolutionary Synthesis and foundational work involving the implication of nucleic acid as genetic material. In this context, we study the chemical nature, physico-chemical structure and replication of DNA. Both DNA and RNAs are considered in their combined role for protein synthesis. The elucidation of the genetic code and the mechanism and regulation of gene action, such as with the operon model are investigated and their implications considered. Extrachromosomal inheritance will be treated as well. The course concludes with the promise and perils of genetic engineering (Recombinant DNA) and its applications, including, controversially, gene editing and cloning."
BIOS222,Plant Diversity and Reproduction,biology|environmental studies,4,"This course is a primer to plant life, covering what comprises the plant Kingdom, how to identify different plants, and how plants reproduce. The first part of the course will explore the diversity of plants from algae to angiosperms. This will include discussions of plant evolution and phylogeny, how and when the first land plants arrived, how plants are classified, and how to identify broad groups of plants including some common Families of angiosperms. We will also explore morphological, anatomical, physiological and other adaptations of plants that allow them to grow in diverse environmental conditions. The second part of the course will focus on the different reproductive strategies of various groups of plants. Some aspects unique to plant reproduction will be discussed, such as alternation of generations in lower plants, and monoecy, dioecy, pollination strategies, double fertilization and embryogenesis in higher plants."
BIOS223,Advanced Cell Biology,biology,4,"The Advanced Cell Biology course builds upon the foundational Cell and Molecular Biology course and is a deeper dive into the working of the cell in the context of a system. The course is a problem and exercise based approach to understanding specific aspects of the cell in the context of its physiological milieu and system (Human/Animal). The course will begin where the Basic cell and molecular biology (BIOS 205) course ended. This is an ideal and probably very important subject for students who want to pursue MSc/PhD and want to build a career in research in an academic or industrial setting. This course will connect with other areas of bioscience (microbiology, physiology, Immunology) to understand the connections between these related areas. It will delve into the cross talk among different cell types across tissue/organs and their role in health and diseases.
The syllabus include,
Visualizing and analyzing molecules, cells, and systems (contd from BIOS 205)
The Cell Cycle: its control and regulation; aberrations in its control and the consequent effect on the cell and system; growth, development, differentiation.
Cell death; apoptosis and programmed cell death, autophagy, senescence; stem cells and cell lineages
The evolution of the rogue cell and its contextual behavior
Cell signaling archetypes in eukaryotic cells and systems; their control and regulation; redundancy; defects in signaling systems and their ramifications, as in NCDs
Drug discovery and delivery : Current trends"
BIOS224,Evolution,biology,4,"How did life first arise on Planet Earth 4 billion years ago? In this course, which comprises both organismal and molecular evolution, we will begin with early theories of evolution that lead up to Darwin and Wallace's theory of natural selection. We thus gain insight into the process of scientific inquiry that resulted in one of the most important theories in the biological sciences, before concluding by integrating it with Mendel's theory of genetics referred to as the Evolutionary Synthesis. The course will look at the evidence of macro and micro evolutionary processes, and the evolution of plants and animals to understand the basis of the diversity of living organisms on Earth. Through numerous examples, students will learn about adaptive strategies at the level of individual organisms that may underlie evolutionary changes at the level of a population. At a molecular level, we trace the evolution of life, starting from self-replicating molecules, to the RNA world, to the evolution of cellular components. Along the way we will discuss the role played by the constituent molecules of life. We will discuss the origin of the field of molecular genetics from the Evolutionary Synthesis, bringing the disparate fields of evolutionary biology and genetics together. We will discuss the development and employment of the molecular clock and the salience of neutral mutations in establishing relatedness among organisms, using such markers as mitochondrial, chloroplast, ribosomal and nuclear genetic material, aided considerably by such technological advancements as protein electrophoresis, leading to the amplification of DNA using the polymerase chain reaction (PCR) for whole genome sequencing. This course will briefly discuss how the sequence information comes together with the current computational power to draw the phylogenetic tree of life."
BIOS226,Form and Function,biology,4,"In this course, we examine biological systems through the lenses of anatomy (structure) and physiology (function), that make life possible across scales of complexity - from the simplest forms to the most intricate. Through this approach, all courses that we have encountered so far will be considered in establishing how we can begin to comprehend what life, in a biological sense, means. Apart from such familiar systems as encountered in school (the digestive, respiratory, circulatory, excretory, nervous and reproductive, for instance), we explore concepts like homoeostasis and thermoregulation."
BIOS227,Biostatistics,biology|environmental studies|psychology,4,"This course will equip students broadly interested in the biological sciences and allied disciplines to develop fundamental skills for managing, exploring and analyzing data, and interpreting and communicating findings. The course provides a hands-on learning experience using data from multiple fields of study to master basic statistical tools widely used in the discipline and become familiar with the range of advanced quantitative tools to inform avenues for further specialization. The course will introduce students to basic and advanced programming techniques in R, which is rapidly becoming the programming language of choice for biostatistical applications, and will train them in using R to carry out common statistical analyses. In addition to imparting skills to quantify single variables and relationships between multiple variables, the course will use real-world datasets to help students learn how to deal with noisy data, uncertainty of findings and ethical concerns that are common to the discipline."
BIOS228,Genetics and Cell Biology Lab,biology,2,"The course will bring together various topics in Genetics and Advanced Cell Biology. The portion on genetics will include procedures and experiments using the fruit-fly Drosophila melanogaster as the model organism, for instance the observation of wild type and mutant characteristics using the compound and stereo microscopes, the culture of Drosophila, the longitudinal observation of their life-cycles, the proper and meticulous use of a lab notebook/ journal, computational exercises in phylogeny, and, time permitting, recombinant DNA techniques. The Advanced Cell Biology course will include procedures for nucleic acid analysis including nucleic acid extraction, chromatography, and quantitative PCR, and for protein analysis by chromatography."
BIOS229,Chemistry for Biologists,biology,4,"Chemistry for biologists: This course introduces students to the fundamental principles of chemistry with an explicit focus on their relevance to biological systems. Topics are motivated by examples drawn from cell biology, physiology, biochemistry, and microbiology. Experimental demonstrations and in-class problem-solving exercises connect chemical principles to the phenomena students encounter in their biology courses. The course has been designed to give biology majors the quantitative and conceptual chemical foundation necessary for advanced study in biochemistry, molecular biology, microbiology, pharmacology, and biomedical research"
BIOS230,Physics for Biologists,biology,4,"Physics for biologists: The course uses basic biophysical concepts and experimental illustrations to explaining the physical principles that govern biological systems at the molecular level. The course combines classroom teaching with discussion of scientific observations that concur with theories. The course also aims to illustrate how various biomolecules behave as outliers, allowing for modification of these theories while providing a biophysical explanation for their behavior."
BIOS231,Ways of Knowing: Instrumentation in Biology,biology|chemistry,4,
BIOS232,Ways of Knowing: Methods and Communication,biology,4,"This offering, the other of a two-part course, will use a seminar-style format to expose students to literature in the biological sciences to serve three important and interconnected purposes. The selected pieces of work will expose students to forms of inquiry used in the biological sciences to produce new knowledge and to advance the discipline. Students will also learn multiple types of communication in the discipline. Finally, students will learn to assess critically the work and findings reported in the primary literature. The course will bridge the gap between simplified concepts in standard biology textbooks and the rigour, complexity and uncertainty of findings in the primary literature, including, among others, journals and theses."
BIOS235,Animal Behaviour,biology|environmental studies,4,"This course will begin with an overview of animal behaviour and how it has integrated concepts from many disciplines to advance the field. Next, animal behaviour will be studied from an evolutionary perspective before understanding the bases for the variation in behaviours within and among individuals, populations, and species. With these concepts in mind, a range of behaviours will be examined using case studies. Finally, more complex behaviours related to social interactions among animals will be considered."
BIOS236,Immunology,biology,4,"The course comprises a study of the human defense system against pathogens and disease causing agents. It will start with the genesis of the immune system from the lymphoid cells of bone-marrow tissue, and its maturation. It will go on to the molecular basis for determination of self- and non-self, and how an aberration in this process causes the immune system to go rogue and cause auto-immune disease. The course will center around the humoral and cell-mediated immune responses, of their attendant molecular and cellular events, and how the immune system evolves throughout the lifetime of an individual. It will address different aspects of the immune system such as the genetic control of immunoglobulin gene expression, and antibody production, maturation and diversity, and the roles of the thymus, spleen, and lymph nodes. The modulation or suppression of the immune system for tissue and organ graft will be discussed, as will be the reciprocal effects of disease and the immune system, allergies and the inflammatory response, and the use of the immune-system as therapy against cancer and other diseases as drugs or vaccines. The course will also include the mechanisms pathogens have evolved to evade the immune system, and the state of our knowledge of these systems. The reconstitution of the human immune system in mice will be discussed at length to further enable the student’s understanding of the same."
BIOS241,Ecology and Conservation Biology,biology|environmental studies,4,"This course covers the fundamental principles of ecology and ecosystem dynamics, relating these with evolutionary processes and introducing concepts of disturbance and resilience. The focus is on the principles of life, how it functions at the population, community and ecosystem levels, relating these with adaptations to unique environmental conditions. This course will be split into four interrelated modules. The first module, population ecology, will deal with the fundamental concepts of habitat and niche, population dynamics (e.g., population growth and regulation) and population structure (e.g., metapopulations). The second module, community ecology, will focus on species interactions (e.g., interspecific competition, predation and mutualism), the nature of communities (e.g., community structure and function). The third module, ecosystem ecology, will take a in depth look at ecosystem structure and function (e.g., energy flow and nutrient cycling), ecosystem dynamics (e.g., ecological succession) and major concepts related to biogeography (e.g., the theory of island biogeography and the major biogeographical zones of India). The final module, conservation biology, will bring together the previous modules and show how the field of conservation biology has harnessed the principles of ecology to manage biodiversity. The course will focus on the principles of conservation (e.g., the design and management of protected areas), ecological restoration and will conclude with some important case studies, frorm India and across the globe, that showcase various conservation/management strategies."
BIOS251,History of Biology,biology|history,4,
BIOS306,Molecular Biophysics,biology|chemistry|physics,4,"This course introduces the physical chemistry of biological systems. The topics include an introduction to the basics of statistical mechanics to understand the connections between macroscopic thermodynamic properties and microscopic molecular properties, chemical potentials, equilibrium states, binding cooperativity, behaviour of macromolecules in solution and at the interfaces, and solvation. We will
discuss protein structure, genomic analysis, single-molecule biomechanics, and biomaterials. To foster a deeper appreciation of the empirical aspects of the discipline, we will discuss Nuclear Magnetic Resonance measurements and provide practical demonstrations using the NMR spectrometer at Krea University. We will also discuss the recent developments in the use of Artificial Intelligence in
solving really hard Biophysics problems of understanding protein structure and dynamics. We will implement the computation of protein structure for practical sessions."
BIOS307,Introduction to Bioinformatics,biology|computer science,4,"This course introduces algorithmic concepts and hands-on experience in the use of relevant tools/techniques for many key biological sequence analysis problems in Bioinformatics/Computational Biology. We will introduce various algorithms and heuristics for pairwise sequence alignment, multiple sequence alignment, molecular evolution and phylogenetic analysis, genome sequencing and annotation. The students will be introduced to the key algorithms and their applications of key Bioinformatics tools like BLAST and its variants, CLUSTALX, tools like PHYLIP for phylogenetic and evolutionary analysis. This course will be cross listed with Computer Science and assumes a prior background in either “Introductory Biology” or “Discrete Mathematics” and will be open to third and final year students majoring in Biology/Computer Science/Mathematics."
BIOS331,Microbial Genomics,biology,4,"Bacteria are the most dominant forms of cellular life on earth. Their ability to adapt to the entire gamut of environments on our planet is coded somehow in their DNA. We will discuss how this fascinating kingdom of life adapts to its circumstances by studying the structure, organisation and evolution of their genomes. We will take a conceptual and computational approach towards these aims. A particular goal of this course will be to help students conceptualise, design and implement (at least in part) a mini-project analysing bacterial genomes."
BIOS332,Misconduct in Science Research,biology,2,"This course explores the darker side of scientific research — the deliberate falsification, fabrication, and plagiarism that have led to the retraction of biomedical research papers. Through a series of case studies, students will investigate how misconduct was detected, how it propagated through the literature, the consequences for the individuals and institutions involved, and the broader implications for scientific credibility. The course also examines systemic pressures that foster misconduct and the evolving safeguards implemented by journals, funding agencies, and institutions."
BIOS347,Quantified self,biology|psychology,4,"This course examines the psychological, biological, biomedical, and sociotechnical dimensions of self-tracking practices in contemporary digital life. With a central focus on the biological and cognitive mechanisms underlying self-regulation, feedback, and sense-making, the course explores how digital technologies enable a prospective approach to health management, and how they mediate and reshape attention, decision-making, memory, emotion, and embodied experience; the course also  Drawing on perspectives from biology, cognitive neuroscience, behavioral psychology, and cultural theory, students will critically engage with topics such as neurofeedback, affective computing, persuasive design, and the cognitive labor of managing personal data. The course also addresses broader social and ethical implications, including surveillance, inequality, and the politics of measurement. Through interdisciplinary readings and experiential assignments, students will investigate how cognitive processes are both reflected in and transformed by the quantified self."
BIOS401,Plant Anatomy and Physiology,biology,4,"The course begins with introducing the plant’s meristem and its histological organization to the students, followed by the anatomy of the leaf and other simple & complex tissue structures and their organization. Water is important to plant life, and other mechanical phenomena happening inside plants, such as diffusion, osmosis, plasmolysis, imbibition, guttation, transpiration, etc., are considered. It introduces the stomata & the mechanism of opening & closing that enable gas exchange between plants and the atmosphere. Identifying the essentiality of nutrients is foregrounded, along with their roles, the mechanism of uptake of nutrients, and the mechanism of food transport within plants. What role does gravity play, and how will plants grow in space? We learn about concepts of photosynthesis and pigment systems/photosystems. Other important phenomena are discussed, such as photophosphorylation, the Calvin cycle and photorespiration in plants. Carbon fixation, indoor and otherwise. How pollution affects them etc. We consider how and why plants go under nitrogen metabolism, how molecular nitrogen fixation happens, and its significance to the world. Plants also need/use hormones for their growth and development. We discuss how growth hormones such as auxins, gibberellins, cytokinins, abscisic acid, and ethylene work. We complete the circle by looking at the seed. We introduce students to seed dormancy, its germination, and the concept of photoperiodism and vernalization. We talk about genetically modified plants and seeds (GMOs) and the hazards and ethical issues around them. The genetic basis of the adaptations in plants and how they vary with the types of climates, for example, how do they become resilient to drought? A brief introduction to modern plant biotechnology and gardening is also discussed. Concept integration and awareness about ecosystems, global warming, forests and the plantation of trees"
BIOS409,Global Change Biology,biology|environmental studies,4,"We are living in what many consider to be a unique period of time in the history of planet Earth, the Anthropocene era, wherein humans are modifying Earth’s environment through myriad pathways, including the burning of fossil fuels, overexploitation of natural resources and large-scale changes in patterns of land-use. These changes have major consequences for ecological systems at multiple levels of biological organization from the individual and population to the community and ecosystem. This course will not only focus on the mechanisms through which humans are altering the air, water and land of planet Earth, but also to apply concepts from ecological and evolutionary biology theory to understand how these changes are likely to impact life on Earth. Students will learn to critically evaluate the primary scientific literature related to the field of global change biology, and also to address specific questions through the graphical and/or statistical analyses of real-world data. The course will pay particular attention to the most critical crises associated with anthropogenic global change, and also on how these changes can impact health and well-being of humans through various mechanisms ranging from reduced access to ecosystem services (e.g., clean air and water) to the increased risk of emergence of novel diseases (e.g., COVID-19)."
BIOS432,Protein Folding and Dynamics,biology|chemistry,4,"This is a seminar course where we will discuss and analyze research papers, and solve problems as assignments, and there will be presentations of the papers.  
Proteins are fascinating molecular machines that carry out every function inside the cells whose properties are so useful that we employ them as therapeutic agents, catalysts, and materials. Many diseases stem from protein mutations impairing their folding, structure, or activity. This course will discuss the physical chemistry of protein molecules. This course is for students of Biological Sciences who are comfortable with mathematics. This is also a course for chemistry and physics students who want to think about proteins."
BIOS441,Bacterial Gene Regulatory Networks,biology,4,This course will discuss molecular aspects of gene regulation in bacteria. Gene regulation is fundamental to bacterial adaptation to their environments and is achieved by a complex network of regulatory proteins and their interactions with DNA. How this network functions and how it sustains bacterial life as we know it are the key themes this course will cover.
BUSI201,Introduction to Accounting and Finance,business studies,4,"This course aids students in donning multiple hats so as to understand the respective decision-making process of different fiduciary stakeholders that are based on financial statements of a reporting entity. For example, shareholders use accounting information to determine the intrinsic value of the stock, which helps them to decide whether to buy, hold, or sell the companyâ€™s share. Bankers and lenders rely on firmâ€™s financial statements in order to decide whether to lend money or not to firms. The course also discusses the significance of relevant accounting standards and the evolving regulatory landscape in the preparation and interpretation of financial statements. This course is also designed to provide students with a deeper understanding of nature and workings of corporate financial management. The course aims to provide the framework, concepts, and tools for analysing financial decisions based on fundamental principles of modern financial theory. It introduces the students to the many ways in which corporate management both evaluates investment opportunities and finances investments. It also teaches basic financial concepts and provides students with the tools necessary for evaluating the intrinsic value of a corporation, as well as assessing a corporation's effectiveness in maximizing its value. Further, the course highlights the important real-world applications of the various theories."
BUSI202,Foundations of Marketing,business studies,4,"The word ‘Marketing’ is embedded in conversations of everyday life, and general perception that marketing is all about selling and advertising. However, marketing is a much larger concept that drives an organization with great societal impact. 4P of product, place and distribution, promotion, and price - comprise the original ""Marketing Mix."" Together with rigorous and complete analysis of the environment, customers, and competitors, they are the key activities of marketing management, and the crucial ones: failure to find the right combination of the ""mix"" often result in irretrievable product (or service) failure and severe damage to organizational finances and credibility. This course shall follow a blended pedagogy of interactive lectures, case and caselet discussions, and class activities to introduce the fundamental concepts of marketing to the participants."
BUSI203,Supply Chain Management,business studies,2,"1.	Course Description: 
Supply Chain Management (SCM) is a cross-functional discipline concerned with the movement of products, the use of business resources, the flow of information, and the deployment of services in the value chain. In this introductory course, students are provided with a comprehensive overview of the business processes, value-creating activities, and best practices for managing a supply chain.

2.	Learning Objectives 
(1)	Provide a comprehensive overview of SCM-related business processes and problems and pinpoint the strategic role of SCM and relationship to other business disciplines. 
(2)	Equip students with SCM best practices and related basic analytical models/tools. 
(3)	Provide a roadmap to more specialized courses on SCM-related topics.
3.	Learning outcomes

1)	Students will understand the main processes and common challenges in supply chain management and how SCM integrates with other business functions.
2)	Students will be able to identify and apply best practices and basic analytical tools to solve supply chain management problems effectively.
3)	Students will have a foundational understanding that prepares them for more specialized courses and career development in supply chain management."
BUSI205,Information Systems and Data Analytics,business studies|economics,2,"Information systems (IS) refer to the embedding of work processes, within and across organizations, in information and communication technologies (ICT) such as computers, communications devices and networks that interconnect them. The mediation of work through information systems can save cost and improve quality, potentially granting competitive advantage to organizations that invest in such systems. Data accumulated through the operation of information systems are also further analyzed using statistical algorithms (data analytics) to reveal novel yet reliable patterns that can be exploited to improve the efficiency and quality of work processes."
BUSI206,Strategy and Innovation,business studies,4,"Strategy is the process of deciding how to best position the organisation in its competitive environment in order to achieve and sustain competitive advantage. The pace of change in the business environment has increased significantly in recent years leading to disruptions in business models, supply chains and organisation structures. Performance, within the conversation of strategic management, deals with superior value creation for stakeholders. The issue is studied by raising two critical managerial questions:
●        How and why do some firms create superior value for stakeholders?
●        How do they sustain such performance?
The above questions are reviewed in the course by invoking various concepts from microeconomic theories and the functional disciplines of management and integrating them into a coherent whole. A systemic approach, involving internal and external environmental analysis, identifying opportunities, formulating strategies at the business unit level and at corporate level are covered in the course."
BUSI211,Introduction to People Management,business studies|psychology,4,"The course deals with Principles and Practices of People Management in organizations as relevant to the roles and responsibilities of managers across functions. It develops a detailed understanding of the people management process- Workforce planning, Recruitment and Selection, Training and Development, Performance Management System, Labor Laws and Employee relations etc."
BUSI231,Building a Rocketship - Entrepreneurship,business studies,4,"Entrepreneurship: 
What do we need to launch a successful entrepreneurial venture? How can we make it happen? How do
we transform an idea and a blank piece of paper into an operating business with customers, cash flow,
and profits?
This course is an introduction to, and an overview of, these fundamentals of entrepreneurship. You might
already have an idea and are probably eager to start your own business, or you merely want to learn
more about what an entrepreneurial career would be like – either way, this course exposes you to the
challenges of entrepreneurship – starting from conceptualizing new ventures to building them and
ending with, managing those ventures.
We'll begin with brainstorming and idea generation, finding opportunities, and building on those. We’ll
then move on to subjects such as testing business ideas, finding traction, evaluating go-to-market
strategies, developing a business model, and understanding the fundamentals of business plans. We’ll
also learn how to pitch yourself and your venture."
BUSI301,Blockchain Technology: A Managerial Perspective,business studies,4,"Ever since the introduction of Bitcoin in 2008, Cryptocurrencies and the Blockchain technology
have become very popular contributing to a lot of excitement and hype in business circles. While
crypto-currencies have not been welcomed warmly, especially by the regulators, the usefulness
of Blockchain, the technology underpinning Bitcoin has been universally recognized 1 (even by
detractors of cryptocurrencies). Increasingly, Blockchain technology is finding applications
outside the Fintech industry including areas such as Supply chain management, fraud detection,
health, agriculture, education, government and the like. With this kind of proliferation, it is not
inconceivable that present and future managers will encounter Blockchain in some form sooner
rather than later.
This course intends to equip student, the present and future managers, with relevant and working
knowledge of Cryptocurrencies and the Blockchain technology. Blockchain, a potentially
disruptive technology has various known and potentially useful applications across various
industry verticals.
Course Objectives:

The main objective of this course is to equip students with an understanding of the emerging
technology of blockchain that will enable them to:
- Assess the applicability of Blockchain technology and its business benefits in business
contexts that are characterized by “trust” mechanisms.
- Understand the interaction between different Blockchain components.
- Where and how to implement Blockchain
- Design innovative Blockchain Applications"
BUSI302,Consumer Behavior,business studies,2,"If consumers in developed markets had been consuming corn flakes with cold milk for decades, why should a brand like Kellog’s advertise that cornflakes should be taken with hot milk, almost two decades after its entry into India? Why should a brand like Surf (or for that matter most detergent brands) weave a “story” around its brand with a drama-like ad? Why should Indian brands spend so much on cricket or film celebrities”[1]. Consumer behaviour is a fascinating subject. The course is not meant for addressing the above illustrative questions but for making you learn concepts that can come of help in thinking about how to approach such questions. Aren’t we all consumers, whether we snack on a samosa or go to a gym? Consumer behaviour is “the study of consumer’s actions during searching for, purchasing, using, evaluating, and disposing of products and services that they expect will satisfy their needs”[2]. At the end of the course, you should know the consumer decision-making model, with its stages and their respective elements: input (e.g., marketing mix, sociocultural influences), process (e.g., need recognition, information search, evaluation), output (e.g., purchase, use, post-purchase evaluation). Mastery of the subject will give you an edge for pursuing dream jobs in brand management, advertising, and consumer research. Not only that, but you can also pursue higher studies and path-breaking research."
BUSI316,Organization Design & Theory,business studies,2,
BUSI317,Advanced Topics in Accounting,business studies,4,"Introduction: 
Accounting is the language of Business: Manufacturing and trading entities are important organs of the world’s economic dimension. The economic dimension of the world is often described as economy.
 In an economy, financial transactions are inherent.  Companies and other entities need to communicate to the employees and the public and statutory administrative bodies about the transactions they perform which have financial implications.  This need is precisely addressed by a language called accounting. Accounting framework is an important edifice like technical, legal and other entities.
Accounting is perhaps the single largest edifice of a business edifice with, and around, which the whole gamut of other edifices are built and intertwined. 
Accounting is very often the basis for decision making – both internal and external. Whether to increase prices or cut costs or “Buy, Sell or Hold” decisions, companies need to have their accounting systems in place. 
Course Design:
The Course on Advanced Topics in Accounting is designed with the following focus: 
1.        To enable students to understand certain advanced Accounting standards 
2.        To enable students to better appreciate the contents of financial statements – to be read along with other aspects of annual reports (like Chairman’s report / Board of Directors report) 
3.        To enable students to apply various management accounting tools used for decision making and control especially in the context of Strategic Cost Management"
BUSI318,Basics of Digital Marketing,business studies,2,"Hardly 25 years back, most of the technology that is in use today, did not exist. Personal computers in its rudimentary avatar entered our work spaces only with the economic liberalization of the early 1990s. Both mobile telephony and the Internet were born a few more years later in 1995. The turn of the millennium saw the market getting flooded with laptops with the early versions testing our weight lifting skills. Forget 25 years, just about 10 years back there were no smartphones, no Cloud Computing as we know it today, no connected intelligent devices and most importantly no Facebook! To be more generic, there was no social media space at all a decade ago. Linked In was launched in 2003; Facebook in 2004 and Tweets were born, thanks to Twitter in 2006. The first version of iPhone was launched in 2007. The iPad hit the market in 2010. Thus, what we consider as a technologyâ€“deluged world is a fairly nascent world. The overwhelming envelope of technology is affecting every sphere of our life. In the personal space, the way we communicate, interact and socialize has significantly altered with technology being the key harbinger of this change. In the business space, the way we produce, transport, sell and service in any business is all governed by some interesting facet of technology. This 10 Session module focuses on the all-pervading influence of technology in the realm of Marketing. The main objective of this course is to take the â€œBrickâ€ activities to the next level of â€œClickâ€ activities and leverage the power of the Web to the students of Marketing. This Course will give an overview of various digital marketing platforms that can be used for formatting Digital Strategies. It will give insights into the art and science of search engine marketing and social media marketing. It will cover facets of search advertising and search engine optimization. It will enable broad understanding of key social media such as Facebook, LinkedIn and Twitter. The Course will arm marketers with an understanding of web analytics and metrics with which they can measure the performance of their digital marketing campaigns. The Course will help students to understand web engagement, Lead Generation and Conversions. The Course will equip Students with the tools and techniques of digital marketing so that they can integrate digital into their marketing plan. Insights into digital marketing will enable marketing students to get enhanced performance. The course will give a holistic approach for students on the overall digital marketing platforms and strategi"
BUSI320,Security Analysis & Portfolio Management,business studies,4,"The course aims to give students a comprehensive understanding of portfolio
management principles, including constructing and evaluating portfolios.
Topics we cover include the market indices, efficiency frontier, the Markowitz portfolio,
capital asset pricing, model, arbitrage pricing theory, factor models, active and passive
investing, smart beta, beta core, bucket investment, simulation, optimization, Sharpe
ratio, Traynor ratio, Mutual funds etc.
Learning Objectives:
1. Understand risk and return
2. History of stock returns
3. Market efficiency
4. Risk return relationship
5. Construct and evaluate portfolios"
BUSI321,Financial Management,business studies,4,"Course Coverage:
Financial Management
Time value of money – advanced concepts
Investment Appraisal Techniques
Technical and Fundamental Analysis
Risk Management – Options, Futures, Forwards and Risk Management
Learning Outcomes:
At the end of the course, the students would be able to:
1. Understand general and specific cash flows, based on which financial analysis is carried out
2. Apply investment appraisal techniques to determine the financial feasibility of the projects
3. Valuation of shares and bonds; determination of WACC
4. Use of fundamental &amp; technical analysis to determine the value of a share / company / business.
5. Determine working capital requirements of a business and how to optimize the same
6. Advanced topics in Financial Management – including options &amp; futures (to manage risk better)"
BUSI322,Basics of Finance & Banking,business studies,4,"This course is primarily designed to help students understand the basics of finance and
banking, operational dynamics and day-to-day transactions at bank branches. It will cover the
finance essentials related to banking, the latest global developments in banking in the areas of lending, risk management, asset liability management and the impact of technology in modern
day banking. It will also give them a practical perspective of the day to day challenges faced
by banks.

Learning Outcome:
1. How banks are functioning today
2. Main banking products
3. What new products and services have come into the market
3. Challenges faced by banks and opportunities available to them
4. The technological changes shaping banking
5. The future of banking"
BUSI332,Personal Finance & Wealth Management,business studies,4,"Course Description:
Managing personal finances and wealth is the key for the successful and stress life of an
individual. This course helps the students to make informed financial decisions in their
life by reducing the risk of ending in financial turmoil. This course aims to provide a
strong foundation for managing personal finance and wealth of students through real-
world applications, case studies, and interactive activities. Students will develop the
knowledge and confidence to achieve financial stability and growth.
Learning Objectives:
Students will develop practical skills in budgeting, saving, and investing, while also
gaining an understanding of credit management, tax planning, and retirement
strategies. By exploring various financial instruments available and equip them to
optimize their wealth-building efforts and achieve financial security. The course also
emphasizes the importance of risk management, financial psychology, and consumer
protection, ensuring that students can navigate financial challenges with confidence.
Ultimately, the course aims to cultivate responsible financial habits and long-term
wealth management strategies for a secure and prosperous future.

Learning Outcomes:

After completing this course, the participants should be able to:
1) Students will be able to learn how to prepare and manage the personal budget viz.,
expenses, savings effectively.
2) Students will get an overview of investment options available to build their wealth.
3) Students will learn how to plan financially for their higher education, home loan,
retirement, health and Insurance.
4) Students learn on assessing financial risks, recognize fraudulent schemes, and build
strategies for secures future."
BUSI333,Measuring Impact,business studies|economics,4,"This course introduces students to A/B testing in modern businesses. This topic has increased considerably in importance over the last decade, as entrepreneurs have learned to think creatively about how to generate data in more rigorous ways and as developments in information technology have facilitated the development of better data gathering. Key to this area is the insight that correlations do not imply causality and, in almost all cases, cannot measure impact. This course helps design and use experiments and natural experiments to measure impact. The class will assume no prior knowledge. However, some knowledge of statistics will be advantageous, and an interest in writing codes in R will be a bonus.
LEARNING OUTCOMES 
At the end of the course, the students would be able to learn: 
1. The difference between correlation and causation. 
2. Link theory with actionable business decision. 
3. Understand how AB tests work. 
4. Understand how analytics can shape business decisions."
BUSI334,Entrepreneurship,business studies,4,"This hands-on entrepreneurship course transforms students from idea generators to pitch-
 ready entrepreneurs. Students will experience the complete entrepreneurial journey by developing a real business concept, conducting market research, building prototypes, and culminating in a Dragons' Den-style pitch competition. The course emphasizes learning-by-
 doing through simulations, case studies, and real-world applications rather than theoretical frameworks alone."
BUSI341,Business Readiness Bootcamp,business studies,4,"This is a practical, skill-based professional readiness program designed for final-year liberal arts
undergraduates. This course bridges the gap between academia and the corporate world by
equipping students with the mental models, skills, behaviours, and business awareness needed
to transition confidently into the workplace.
Students learn how organizations function, how companies create value, how to navigate
workplace culture and expectations, and how to build a strong professional identity.
The course is structured to level the playing field for new entrants to the corporate world -
focused on empowerment, awareness, and competitive advantage."
BUSI435,Introduction to Financial Time Series Forecasting,business studies|data science|economics,4,"Forecasting is an emerging domain in the field of business during this time. In Finance
and Economics, we need to know about the value of risk, volatility, asset pricing,
portfolio allocations, interest rate modelling, and inflation rate. The forecasting
technique helps them to get an idea about the risk factors. This course aims to provide a
strong foundation of forecasting and time series econometrics and financial risk
management. Application of all the models will be discussed using real life data."
BUSI436,"Capital Markets - Trading, Analysis and Investment Strategy",business studies,4,"This dynamic capital markets course transforms students from market observers to informed investors through hands-on trading simulations, real-time market analysis, and portfolio management. Students will navigate the complexities of stock markets, bond markets,
derivatives, and alternative investments while building practical skills in financial analysis, risk assessment, and investment strategy. The course culminates in a Portfolio Management Competition where students present their investment strategies to a panel.
Learning Objectives:
1. Understand the structure and functioning of global capital markets
2. Master fundamental and technical analysis techniques for investment decisions
3. Develop practical skills in portfolio construction and risk management
4. Gain hands-on experience with trading platforms and financial data analysis
5. Learn to evaluate and present investment strategies effectively"
CHEM206,Carbon based molecules,chemistry,4,"This course will provide students with a comprehensive understanding of the fundamental principles and concepts of chemical bonding (Hybridization, MO theory) structure-property relationship (dipole moment, acidity, basicity) in organic molecules. This course aims to equip students with the problem-solving skills in Organic Chemistry. By successfully completing the course, students will have a fundamental background in Organic Chemistry and reaction mechanism."
CHEM207,General Chemistry Lab,chemistry,2,"Titration is a laboratory technique used to determine the concentration of an unknown solution by reacting it with a solution of known concentration. This course will introduce students to the various titrimetric 
experiments based on acidimetry, redox titrations, pH metric
titrations"
CHEM208,"Atoms, molecules & elements",chemistry,4,This course aims to introduce the students to quantum mechanics and demonstrate how the ideas of quantum mechanics help in understanding chemical phenomena and the layout of the periodic table. The role of quantum mechanics in explaining atomic structure and bonding will be established. This is a novel approach and is different from the historical development of the field.
CHEM210,Physics for Chemists and Biologists,biology|chemistry,4,This introduces physics concepts that will be required for a deeper understanding of chemical and biological systems from a microscopic perspective.
CHEM212,Inorganic Chemistry Lab,chemistry,2,"Demonstrate an understanding of safety protocols and best practices in a laboratory setting, including proper handling, and disposal of chemicals, as well as emergency procedures. Develop proficiency in fundamentals of qualitative analysis. Students will learn about various methods of detecting acid and basic radicals, techniques of group separation"
CHEM213,General Chemistry,biology|chemistry,4,"This course will enable prospective chemistry majors to be in
touch with their basics, and also help those who are
undecided on their majors. The topics covered here are those
that will help the chemistry majors to prepare for the later
courses in the chemistry curriculum.  This course will introduce basic concepts of
electronic structure and periodic properties, Chemical bonding, the behavior of gases, and basic thermodynamics.
We will also talk about acid-base chemistry and chemical
equilibrium. Then we will discuss about structure of basic
organic molecules and some organic reactions. Finally, we will
introduce the concept of light-matter interaction."
CHEM214,Statistical Thermodynamics,chemistry,4,This course builds on CHEM215 and offers a molecular approach to the concnept of entropy
CHEM215,Energetics and Kinetics I,chemistry,4,Provide students with a comprehensive understanding of the fundamental principles and concepts governing the behavior of chemical systems concerning energy transformation.
CHEM216,Analytical Chemistry & Spectroscopy,chemistry,4,"Spectroscopic techniques play a very important role in science and technology. It is important to understand these methods to know their advantages, applicability and limitations.  Spectroscopy plays a pivotal role in our understanding of matter, energy and their interaction; in addition, it also plays a very important role in materials characterization. A few non-spectroscopic methods will also be discussed in this course. This course will cover the principles and application of the various experimental methods and basic instrumentation."
CHEM217,Chemistry Across Periodic Table,chemistry,4,"This course will introduce the concept of inorganic chemistry. Students will learn the evolution of the periodic table into a systematic arrangement of elements. The focus will be on the understanding of chemical properties of various inorganic molecules. Following the discussion on periodic table students will learn the chemistry of s-block, p-block, d-block elements"
CHEM218,"Advanced Energetics, Kinetics and Materials",chemistry,4,"This course builds on CHEM215 and offers more advanced topics in thermodynamics and kinetics. Topics include  chemical kinetics, enzyme catalysis, ionic and phase equilibria, solid state and surface chemistry"
CHEM219,Coordination and Bio-inorganic Chemistry,chemistry,4,"Metal complexes, in which a single central metal atom or ion is surrounded by several atoms or ions, play an important role in inorganic chemistry, especially for the elements of the d- block. Here students will learn about the nature of the ligand-metal bonding in terms of valence bond theory, crystal field theory, molecular orbital theory. Students will also learn about bio-inorganic chemistry"
CHEM220,Symmetry and Group Theory,chemistry,2,"This course will introduce students to the symmetry elements in molecules, concept of point group, character table, use of group theory in conceptualizing symmetry properties, application of group theory in understanding spectroscopy, chemical reactions and bonding phenomenon"
CHEM221,Molecules of Life,chemistry,4,"Molecules of Life introduces the fundamental biomolecules that form the basis of living systems. The course explores the structure and function of proteins, carbohydrates, lipids, and nucleic acids. Students learn how these molecules interact to support cellular processes and metabolism. Emphasis is placed on the relationship between molecular structure and biological function. This course provides a foundation for understanding biochemistry and molecular biology in advanced studies."
CHEM222,Physical Chemistry Lab,chemistry,2,"This course will introduce students to the various advanced physicochemical experiments such as conductometry, pH metry, surface tension, viscosity, potentiometry and spectroscopy."
CHEM225,Systems Biology,biology|chemistry,4,"The cell is an integrated device made of several thousand types of proteins molecules, each of which is a molecular machine to carry out very precise tasks. The cell lives in a complex environment and must make decisions about input signals including temperature and osmostic pressure, biological signalling molecules from other cells, beneficial nutrients and harmful chemicals. Information about the internal state of the cell, such as the level of metabolites and cell damage is also important. The information processing functions, that is, responding to these signals, is largely carried out by the transcription factors and networks. In this course we will discuss the engineering principles of biological networks and their implications in cellular functioning and diseases."
CHEM241,Physical Organic Chemistry,chemistry,4,"A detailed study of how organic reactions occur, emphasizing structure–reactivity relationships, energy profiles, acidity/basicity, isotope effects, catalysis, and the role of electronic, steric, and solvent effects in determining reaction pathways."
CHEM306,Making Carbon based Molecules,chemistry,4,"This course will introduce students to the methods of organic synthesis, common name reactions, and the mechanisms in organic chemistry. The focus of the course will be the organic mechanisms that will guide the students to perform stereo-specific organic synthesis. The major ingredients of the most common organic syntheses will be discussed."
CHEM316,Spectroscopic characterization of molecules,chemistry,4,"Spectroscopic characterization of molecules and materials. This course builds upon the fundamentals the student learned in CHEM216 and provides practical usage of key spectroscopic tools to identify various materials. Following a brief recap of the key principles covered in CHEM216, the course will extensively cover the use of infrared spectroscopy, mass spectrometry, nuclear magnetic spectroscopy, and ultraviolet spectroscopy for the structural elucidation of various materials."
CHEM319,Organic Chemistry Lab,chemistry,2,"This course acquaints students with all basic organic laboratory procedures, presented in three major parts: (1) Techniques in organic chemistry laboratory, (2) Single-step organic synthesis, and (3) Organic qualitative analysis. 
The techniques section acquaints the students with standard techniques such as recrystallization, extraction, distillation, thin-layer chromatography, and column chromatography. Also, the techniques section has a relatively simple illustrative experiment with each. The synthesis section involves experiments related to simple reactions such as nitration, halogenation, esterification, etc. The Organic Qualitative Analysis section involves the characterization and/or identification of various organic compounds. In this section, students study and perform the characteristic chemical reactions of organic functional groups"
CHEM320,Electrochemistry,chemistry,4,This course aims at introducing concepts of electrochemistry and its application in various basic and industrial processes.
CHEM321,Cheminformatics,chemistry|data science,4,"This course introduces students to the principles and applications of cheminformatics, an interdisciplinary field at the intersection of chemistry, computer science, and data analysis. The course covers molecular representation techniques, structure-property relationships, database management, virtual screening, molecular docking, and the use of machine learning and artificial intelligence in drug discovery and materials science. Students will gain hands-on experience with cheminformatics tools and software, enabling them to analyze chemical data, predict molecular properties, and design novel compounds. By the end of the course, students will be equipped with the computational skills and theoretical knowledge necessary for advanced research and applications in chemistry and related fields"
CHEM322,Magnetic Resonance Imaging,biology|chemistry,4,"Brief General Overview of Imaging Science - Optical image capture
(camera and microscopy), electron microscopy, X-Ray Diffractometry
and Radiology, CT Scans, Ultrasonics, PET scans, Magnetic Resonance
Imaging (MRI)
· Introduction to Magnetic Resonance - Spins in a ‘Zeeman’ magnetic
field - establishment of ensemble nuclear magnetization at thermal
equilibrium - transitions between spin states - excitation and detection of
Nuclear Magnetic Resonance signals - time domain and frequency
domain description - echo formation. Spin relaxation.
Principles of Spatial encoding in Magnetic Resonance - application
of magnetic field gradients - Larmor frequency as a function of position -
frequency encoding - the generation of profiles in NMR and ESR
experiments run in the presence of gradients
· Combination of frequency encoding with phase encoding for 2D
imaging; ‘field of view’ in phase and frequency directions; the basic
Fourier imaging experiment (‘spin warp imaging’) - gradient echo
imaging; spin echo imaging; chemical shift selective imaging
· The MRI signal - Reciprocal space (k space) description of MR
imaging experiments - parallel scans, radial scans and single pass raster
techniques"
CHEM326,Food Chemistry,biology|chemistry,4,"This course delves into the role of major food components such as carbohydrates, proteins, lipids, water, vitamins, and minerals. Students will gain an understanding of the chemical reactions that influence food quality, safety, flavor, texture, and nutritional value.
⮚ The course also covers the chemistry behind food additives, colorants, preservatives, and the interactions between food components and environmental factors. Through lectures, few laboratory exercises, and discussions, students will explore the chemical reactions behind common food phenomena like fermentation, browning, emulsification, and preservation. Practical examples such as the fermentation of dosa batter, the Maillard reaction in browning bread, role of preservatives in extending shelf life will be used to illustrate key concepts.

⮚ Food science is the study of the physical, biological, and chemical makeup of food and the principles underlying food processing, preservation, safety, and distribution. Food chemistry is a branch of science that focuses on the chemical composition, structure, and properties of food, as well as the changes it undergoes during preparation, storage, and consumption. This field combines principles of chemistry, biology, and nutrition to understand how various components in food interact, how they contribute to the sensory attributes like taste, color, and texture, and how they affect human health."
CHEM330,Basics of Food Chemistry,chemistry,4,"⮚ This course delves into the role of major food components such as carbohydrates, proteins, lipids, water, vitamins, and minerals. Students will gain an understanding of the chemical reactions that influence food quality, safety, flavor, texture, and nutritional value.
⮚ The course also covers the chemistry behind food additives, colorants, preservatives, and the interactions between food components and environmental factors. Through lectures, few laboratory exercises, and discussions, students will explore the chemical reactions behind common food phenomena like fermentation, browning, emulsification, and preservation. Practical examples such as the fermentation of dosa batter, the Maillard reaction in browning bread, role of preservatives in extending shelf life will be used to illustrate key concepts."
CHEM411,Molecular modelling and Simulations: Biomolecules and rational drug design,chemistry|computer science,4,"This course aims to expose students to various computational methods to study many problems of interest in chemical and biological sciences. Students taking this course will learn the principles of computer simulations,  and applications  proteins . This course will be helpful to students who wish to pursue advanced research in computational chemistry and materials science and those who wish to pursue research careers in the industry."
CHEM412,Application of Group Theory,chemistry,4,"This course will introduce students to the symmetry elements in molecules, concept of point group, character table, use of group theory in conceptualizing symmetry properties, application of group theory in understanding spectroscopy, chemical reactions and bonding phenomenon"
CHEM413,Organic Synthesis and Estimation,chemistry,2,"Demonstrate an understanding of safety protocols and best practices in a laboratory setting, including proper handling, and disposal of chemicals, as well as emergency procedures. Develop proficiency in fundamentals of organic synthesis, various chromatographic techniques"
CHEM421,Molecular Modelling and Simulations - A Quantum Chemistry Approach,chemistry|computer science,4,This advanced course provides an in-depth exploration of molecular modelling and simulations with a strong emphasis on quantum chemistry techniques. Students will gain theoretical knowledge and practical skills in using computational methods to investigate the properties and behavior of molecules. The course covers the principles of quantum mechanics as they apply to molecular systems and introduces various computational tools used in modern quantum chemistry.
CHEM422,Advanced Spectroscopy,chemistry,4,"This course provides a foundational understanding of stereochemistry, the study of the three-dimensional arrangement of atoms in molecules and its impact on chemical behavior. Topics include chirality, enantiomers, diastereomers, conformational analysis, stereoisomerism in organic and inorganic systems, and the influence of symmetry elements. The course emphasizes the role of stereochemistry in physical and chemical properties, reactivity, and biological activity, with examples from natural products, pharmaceuticals, and materials. Students will develop skills in visualizing and representing stereochemical relationships, and in applying stereochemical principles to predict molecular interactions and reaction outcomes."
CHEM423,Stereochemistry,chemistry,4,"Spectroscopic techniques play a very important role in science and technology. It is important to understand these methods to know their advantages, applicability and limitations. Spectroscopy plays a pivotal role in our understanding of matter, energy and their interaction; in addition, it also plays a very important role in materials characterization. A few non spectroscopic methods will also be discussed in this course. This course will cover the principles and application of the various experimental methods and basic instrumentation. Basic high school mathematics and an introductory course on quantum chemistry are prerequisites."
CHEM424,Instrumental Methods of Analysis,chemistry,2,"This course will introduce students to the various spectroscopic experiments based on absorption, emission and FTIR spectrosocpy"
CHEM425,Introduction to two dimensional NMR spectrscopy,chemistry,4,"This course provides an introduction to the principles and applications of two-dimensional (2D) nuclear magnetic resonance (NMR) spectroscopy. Students will learn the theoretical foundations of 2D NMR, including the concepts of spin interactions, coherence transfer, and pulse sequences. The course will cover key techniques such as COSY, HSQC, HMBC, and NOESY, with a focus on their utility in structural elucidation of organic and biomolecular compounds. Through a combination of lectures and problem-solving sessions, students will develop the ability to interpret 2D NMR spectra and apply these methods to solve complex structural problems in chemistry and biology."
CHEM431,Advanced Inorganic Chemistry,chemistry,4,"This course provides an in-depth exploration of advanced topics in inorganic chemistry, emphasizing the theoretical and practical aspects that define the field. Key areas of focus include advanced coordination chemistry, organometallic compounds, reaction mechanisms, and the role of inorganic compounds in catalysis. The course also covers bonding theories, electronic structure, and spectroscopic methods used in the characterization of inorganic systems. Contemporary applications such as materials science, energy storage, and environmental chemistry are integrated to highlight the relevance of inorganic chemistry in modern research and industry. Through lectures, problem-solving sessions, and research-based discussions, students will deepen their understanding of the fundamental principles and current trends in advanced inorganic chemistry. he bioinorganic chemistry section focuses on the function of metal ions in biological systems, such as metalloenzymes, electron transport, and metal homeostasis. The course also examines recent advances in medicinal inorganic chemistry and the design of metal-based drugs."
CHEM433,Advanced Analytical Chemistry,chemistry,4,"This course delves into advanced concepts and techniques in analytical chemistry, focusing on both theoretical principles and practical applications. Topics include modern instrumental methods such as advanced spectroscopy (e.g., NMR, mass spectrometry, and X-ray techniques), chromatography, electrochemical analysis, and hyphenated techniques (e.g., GC-MS, LC-MS). Emphasis will be placed on data analysis, signal processing, and error minimization to ensure accurate and reproducible results. Students will explore applications of analytical chemistry in fields such as environmental monitoring, pharmaceutical analysis, forensic science, and material characterization. Hands-on laboratory sessions, case studies, and discussions on cutting-edge research will equip students with the skills needed to tackle complex analytical problems in both academic and industrial settings."
CHEM434,Programming and Computational Chemistry Lab,chemistry,2,"This lab course introduces students to the fundamentals of programming and computational techniques used in chemistry. The course focuses on leveraging computational tools to solve chemical problems and analyze data effectively. Students will gain hands-on experience with molecular modeling, quantum chemistry calculations, and statistical analysis of chemical data. Topics include molecular dynamics simulations, electronic structure calculations, reaction mechanism modeling, and visualization of chemical systems. Emphasis will be placed on developing programming skills, algorithmic thinking, and the application of computational methods to real-world chemical challenges. By the end of the course, students will be equipped to independently approach and solve problems in computational chemistry and contribute to research projects in the field."
CHEM621,Molecular Modelling and Simulations - A Quantum Chemistry Approach,chemistry|computer science,4,This advanced course provides an in-depth exploration of molecular modelling and simulations with a strong emphasis on quantum chemistry techniques. Students will gain theoretical knowledge and practical skills in using computational methods to investigate the properties and behavior of molecules. The course covers the principles of quantum mechanics as they apply to molecular systems and introduces various computational tools used in modern quantum chemistry.
COMP121,Programming literacy,computer science,2,"This is a 2-credit; bridge elective course in programming; for students looking to pursue programming intensive disciplines. It helps students construct, think about, and work with computer programs as objects by

teaching compositional modeling and incremental program decomposition, drawing from How To Design Programs using Racket."
COMP201,Discrete Mathematics,computer science,4,"Discrete Mathematics course will provide students with their first glimpse of how to think rigorously about discrete and finite phenomena. The course will begin by introducing students to the language and grammar of mathematics. It will then proceed to an axiomatic construction of the natural numbers, and introduce the fundamental mathematical notions of sets, relations, and functions. The remainder of the course will be organized around three distinct modules: number theory, permutations and counting, and graph theory."
COMP204,Introduction to Computation Through Programming,computer science,4,"This course offers a foundational understanding of essential programming methods, with a focus on their practical applications. The objective is to facilitate fluency in programming and the ability to switch between various programming languages. The course introduces fundamental algorithms and data structures, and how they can be used to solve computational problems or extract information about given data."
COMP205,"Programming, Algorithms and Data Structures",computer science,4,"The course builds on the first course in programming to serve as a gentle introduction to more
 advanced ideas in programming with more advanced data structures. Further, it ties up the
 practice of programming with reasoning about program performance and correctness. The
 questions that motivate the course include:
 (1) What does it mean for a program or an algorithm to run at a particular time or
 consume a certain amount of space?
 (2) What do data structures have to do with run-time and space? How do we build more
 efficient data structures, which can computationally capture a range of objects?
 (3) How do we make them more efficient? Or handle complex trade-offs that are involved
 in this regard.
 (4) How do we use all that we know about programming to build implementable interactive
 programs of intermediate scale?"
COMP208,Introduction to Linear Algebra,computer science|data science,4,"Linear Algebra (Vectors, Vector Spaces, Eigenvalues, Eigenvectors, Linear Transformations,
 SVD). This course offers an introduction to a range of essential mathematical topics centred around linear
 algebra of finite dimensional real vector spaces, multivariable calculus, and probability. This course is aimed
 at both computer science and data science major/minor students, who have to/wish to pursue advanced
 courses without the necessary background in mathematics. The focus will be to inculcate familiarity with the
 language of continuous mathematics and develop an understanding of the intuition behind the concepts, and
 an ability to apply these concepts. It will further develop an ability to write basic proofs in these topics."
COMP210,Design and Analysis of Algorithms,computer science,4,"Algorithms are unambiguous instructions for solving problems. From a utilitarian perspective, efficient use of computer machinery is both desirable and necessary. One of the key concerns regarding efficiency in computing is the time taken by a computing machine to run an algorithm. This course introduces some general principles and guidelines which enable designing faster algorithms for a wide range of computational problems.
 
 Learning Outcomes include:
 Learn to distinguish slow algorithms from faster ones by quantifying the amount of time taken by an algorithm to solve a problem through asymptotic analysis.
 A view of the general
 paradigms used for solving a problem, and an 
 overview of basic complexity classes.
 Prove the correctness of an algorithm, and do a runtime analysis.
 Ability to abstract computational tasks, and applying algorithmic techniques towards problem solving."
COMP217,Systems Programming,computer science,4,"This course provides a comprehensive exploration of systems through systems programming in C, delving into the intricate workings of processors, memory subsystems, and program execution. We will examine the process of compiling C programs into machine-level instructions, gaining insights into compiler mechanics and code optimization techniques. Throughout the journey, students will acquire invaluable skills for developing secure, reliable programs that leverage computing resources effectively."
COMP246,Introduction to Deep Learning,computer science,4,"This beginner-level deep learning course is
 designed for 3rd- and 4th-year students and can also serve as a fresh
 introduction to modern machine learning. It provides a thorough
 foundation in core concepts by beginning with classical methods such as
 regression and classification, and then building naturally towards shallow
 and deep neural networks.
 The course begins with regression through a simple curve-fitting
 example, introducing key ideas such as error functions, regularization,
 and the bias–variance trade-off. Regression and classification are then
 presented as single-layer networks, highlighting linear models,
 discriminant functions, and generative vs. discriminative classifiers.
 
 These methods motivate the shift from fixed basis functions to learning
 representations directly from data, naturally leading to neural networks.
 Students are then introduced to deep neural networks, with a focus on
 gradient descent, backpropagation, and regularization. The course
 concludes with an introduction to Convolutional Neural Networks (CNNs)
 and their practical applications"
COMP305,Applied Probability and Statistics,computer science,4,"This course offers a foundational understanding of probability and statistics essential for study of randomized algorithms, modeling and data science."
COMP306,Principles of Artificial Intelligence,computer science,4,"This course provides an introduction to the principles and practices of artificial intelligence (AI) Safety, Ethics and Society, focusing on the design of intelligent agents. Students will explore how agents represent knowledge, reason, plan, learn, and interact with complex environments."
COMP308,Principles of Programming Languages,computer science,4,"Principles of Programming Languages is a deep dive into analytical foundations of programming languages, their design, and implementation. These foundations have proved to be of enduring importance, and hold the key to understanding future developments in programming languages. These foundations are centered around the semantics of program elements, which reflect how program elements are interpreted as a program is executed. This course will use interpretation of programs as the approach to learn these principles - a “mental model” - of programming languages. It will draw on the PLAI (“Programming Languages: Application and Interpretation”) body of  material and will be  taught using Racket, a dialect of Scheme. In this course, “language” does not refer to “surface structure”, also known as “syntax”, but will focus on the “semantics” or meaning of programs"
COMP312,Principles of Computer Systems,computer science,4,"This course delves into the intricate workings of computer systems, focusing on the 
  interaction between application programs and the underlying system software. Through theoretical 
  exploration and practical exercises, students will gain a comprehensive understanding of how 
  programs are executed on a system, the role of operating systems in managing resources, and 
  techniques for efficient program communication and concurrency. Topics include the role of the 
  linker in combining program components, the cooperation between modern operating systems and 
  hardware, and the management of program execution and memory. Students will build a strong 
  foundation in the interaction between programs and hardware, setting the stage for advanced 
  exploration. Students will also learn about the basic I/O services provided by Unix operating 
  systems and how to leverage them to build applications for various purposes, such as web clients 
  and servers. Special attention will be given to techniques for writing concurrent programs, enabling 
  efficient utilisation of multi-core processors and enhancing program performance. By the end of 
  this section, students will possess the skills to develop robust, high-performance applications 
  capable of handling diverse communication scenarios."
COMP313,Machine Learning,computer science,4,"This course is a hands-on introduction to tools and techniques in machine learning to model complex phenomena and solve problems in a variety of domains including bioinformatics, computer vision, computer science, computational finance, econometrics, operations management, and sports data analytics. This course covers the following topics: (i) Simple Linear Regression, Multiple Linear Regression, Training and Validation, standard error measures and analysis of model predictions, model selection, and regularization; (ii) Classification: Logistic Regression, Linear Discriminant Analysis, and support vector machines; and (iv) Overview of Unsupervised Learning: Principal Component Analysis and Clustering techniques. This course will also introduce Python tools and libraries."
COMP321,Models of Computation,computer science,4,"It is imperative for any graduate of computer science to understand the formal definition of computation, and the possibilities and limits of computing. Moreover, any distinction between decidability and undecidability needs a good mathematical model of computers and computation. This course introduces the powerful idea of mathematical models to analyse computation, and the nature of the relationship between formal languages, logic and machines. This course introduces the classical mathematical models used to analyse computation, including finite state automata, grammars, and Turing Machines."
COMP322,Network Security,computer science|data science,4,"This course will provide an overview of
a. Computer networks, architecture of the Internet, and a detailed discussion on some of the important protocols and algorithms associated with the transport and network layers
b. Fundamental principles of network communication security and some important cryptographic techniques"
COMP330,Logic,computer science|mathematics,4,"Formal logic has played a key role in development of modern computer science, with applications ranging from architecture, databases, verification to AI and theory of computation. This course will introduce students to proofs and techniques of soundness, completeness and provability in the formal systems. Formal systems introduced in the course include (but are not restricted to) propositional and predicate calculus. It will additionally include some of the resolution theorems from proof theory, which are essential to understand automated theorem proving."
COMP331,Understanding Language: An Exploration of Chomskian Linguistics,computer science,4,
COMP332,Computer Vision,computer science,4,"This course aims to offer a comprehensive introduction to computer vision, focusing on how computers can make decisions by extracting information from digital images and videos. Key applications include robotics, manufacturing, and healthcare, where visual feature extraction, detection, and classification are essential functions. Students will learn fundamental concepts such as camera imaging geometry, feature detection and matching, multiview geometry (including stereo and reconstruction), and machine learning techniques like linear regression, logistic regression, and image classification along with brief overview of convolutional neural networks (CNNs)."
COMP333,Introduction to Applied Computing,chemistry|computer science,4,"Computational engineering is an emerging field that focuses on using computer simulations and
modeling to solve complex engineering problems. It bridges the gap between theoretical science
& engineering principles and practical applications by leveraging computational tools and
techniques of computer science.
The “Introduction to Computational Engineering” course is a semi-advanced view of how
computer systems execute programs, store information, and communicate. The intent is two fold
-
a) to give the CS students the exposure to apply their knowledge in few applied areas and
b) the students from other fields of basic sciences (physics, chemistry, biology, economics)
the exposure to understand computing a bit deeper."
COMP334,Type Systems and Alternative Semantics,computer science,2,"This course complements COMP308 with some extended topics – type systems and alternative application semantics. Understanding type systems is crucial for many modern programming languages and the course will develop that understanding (similar to COMP308) through implementation of a range of type systems and proving their soundness. Students will also be introduced to goal search as a programming paradigm with the associated concepts of unification and backtracking, with an introduction to Prolog. Lazy evaluation and implementation strategies for it will also be dealt with. The course will continue to use (Typed) Racket as in COMP308."
COMP335,Algorithms for Social Choice,computer science,4,"Social choice theory is the study of aggregating individual preferences. One of the
 immediate applications is voting: how to aggregate each individual’s choice into a
 collective choice. In the recently concluded New York City mayoral elections, voters ranked the
 candidates. On the other hand, in the upcoming Bihar elections, voters will choose
 their favourite candidate. Which system is fairer? Social choice, however, is not just restricted to voting but to welfare economics in general where the state has to distribute welfare in a way that maximises public satisfaction. In this course, we will look at social choice from a computation lens. We will contemplate on the consequences of theoretical results and provide
 computational safeguards to manipulation tactics like bribery."
COMP336,Quantum Programming,computer science|physics,4,"This course provides comprehensive knowledge of implementing quantum
 algorithms using Qiskit. Qiskit has been an integral part of practical quantum
 computing. A key component of the course is implementing known quantum
 algorithms in using IBM Qiskit, understanding various challenges due to the effect of
 noise and methods to mitigate them."
COMP340,"Security: Technology, Privacy and Ethics",computer science,4,"Much of the contemporary life in the post internet era relies on information security. This course teaches the basic concepts and principles of information security, and the fundamental
 approaches to secure computers and networks. It mainly focuses on security fundamentals, standard cryptographic functions and protocols, threats and defenses for real-world
 systems, privacy, legal &amp; ethical issues of security, computer forensics, malicious software, denial of service, and firewalls."
COMP341,Algorithmic game theory,computer science|data science,4,"What connects routing in computer networks to IPL player auctions? What connects dynamic pricing of flights to arms control negotiations? It turns out all of these scenarios are where there are sequences of decisions to be made. Decisions that are driven by some rationale: enhance efficiency of networks, get the best players at lowest price, sell all flights tickets at high prices, etc.
Game Theory is the mathematics of decision making that demystifies the complex logic of such interactions. It remains one of the most fundamental concepts in economics; in fact, multiple game theorists have won the Economics Nobel Prize, the most famous being perhaps John Nash.
With high-stakes trading and the rise of multi-agent AI, modern game theory has a particularly computational flavour, that requires not only a mathematical understanding of decision making, but also to compute those decisions quickly.
This course is designed for computer science students with an interest in real-world algorithms and economics students with an interest in the computational aspects of the subject. It will cover classical topics and then give an overview of modern trends."
COMP343,Autonomous Agents and Sequential Decision Making in AI,computer science,4,"This course examines how autonomous computational systems observe, reason, learn, and act across increasingly complex environments. Structured around a unified “agentic systems” framework, the course introduces students to sequential decision-making through deterministic search, strategic planning, probabilistic reasoning, reinforcement learning, and modern tool-using AI agents. Rather than treating classical AI, reinforcement learning, and contemporary LLM-based systems as disconnected paradigms, the course presents them as successive architectural layers of intelligent agency. Students progressively construct computational agents that evolve from search-based solvers into adaptive systems capable of planning under uncertainty, learning from interaction, invoking external tools, maintaining memory, and operating within safety constraints.
Through an integrated practical lab structure, students maintain a cumulative software repository that is incrementally extended throughout the semester. By the end of the course, students will have designed and deployed a robust autonomous system that combines formal algorithmic rigor with contemporary AI engineering practices.
The course emphasizes durable conceptual architectures over transient frameworks, ensuring students understand the computational foundations underlying modern AI systems while remaining adaptable to future technological developments."
COMP344,Topics in algorithms,computer science,2,"This 2-credit elective course bridges the gap between classic polynomial-time algorithms (COMP210) and advanced problem-solving paradigms required for computationally intensive optimization challenges of importance in the real-world.
The course introduces the notion of NP-completeness and then introduces paradigms for tackling NP-hard problems. The course focuses on foundational algorithmic problems such as Network Flows and Vertex Cover across multiple frameworks to give a cohesive understanding of how an algorithmic strategy shifts
depending on the computational constraints and desired solution accuracy."
COMP347,Introduction to Natural Language Processing,computer science,4,"This course provides a hands-on introduction to Natural Language Processing (NLP), blending practical applications with core theoretical concepts. It covers essential lexical and semantic operations such as text normalization and word embeddings, along with standard metrics for measuring content similarity, text classification techniques, and methods for modeling context and meaning in language data. The course concludes with an accessible introduction to the practice and theory of Transformers and Large Language Models (LLMs).
 Throughout, the focus will be on implementing the concepts discussed in class. Students will work with leading NLP libraries including SpaCy, NLTK, and Scikit-learn. By the end of the course, they will have gained both practical skills and a solid theoretical foundation, preparing them for advanced study or professional roles in NLP."
COMP350,Software Design Practical,computer science,4,"This is a project based course that works towards students having built a complete application of their choosing from ground up, with guidance from instructors. Students will be introduced to programming methodologies and tools and processes (iterative approaches) that will help them with the task. They will also be introduced to the required architectural components and how they interface with each other. The human side of building such applications includes requirements gathering, basic user study, ethics issues and broadly “responsible engineering”."
COMP401,"Mathematical Foundations of Computer Science 3, MFCS-3",computer science,4,
COMP413,Matching and Flow algorithms,computer science,4,
COMP422,Fundamentals of Digital Image Processing,computer science|data science,4,"The purpose of this course is to introduce the fundamentals of 2-D digital image processing with emphasis in image enhancement techniques, image filtering design and applications such as
 fingerprint recognition, industrial machine vision for manufacturing sectors, medical diagnosis, assessment of crops or weather prediction, object detection or recognition etc. This course introduces
 students to the steps of a typical digital image processing pipeline , geometric image transformations, interpolation and enhancement techniques."
COMP431,Introduction to Computer Music,arts|computer science,4,"This course presents this fascinating field spanning music composition, sound synthesis, new ways of thinking about music, computer programming, languages invented for music composition, audio signal processing and mathematics of music."
COMP433,High Performance Computing,computer science,4,"This course introduces students to the concept of high performance computing (HPC). Students will be taught the fundamentals of HPC and the techniques to solve numerical/programming problems where performance is critical.

Topics covered include refresher course on C++ programming, algorithmic and procedural problem solving in shared and distributed memory systems using multi threading (OpenMP) and message passing (MPI) respectively."
DATA201,Python for Data Science,data science,4,"This course will introduce the students to (i) Elements of Programming (variables,
 assignments, built-in data types, conditionals, loops, arrays, input-output processing; (ii) Functions and
 Modules; (iii) Object-Oriented programming; and (iv) basic algorithms and data structures (data frames,
 dictionary, list, tuples, etc) for sorting and searching. This course will also introduce the students to a
 collection of open-source tools that are required to analyse data and solve data science problems including
 pandas, NumPy, and matplotlib, and seaborn."
DATA202,Introduction to Data Science,data science,4,"This course introduces the students to the field of data science and the kind of problems that can be solved by data science. Students will learn key data science skills, techniques, and concepts, including data analysis, statistical modelling, and some insight into some standard AI/ML algorithms. The course would also bring the perspectives of data from multiple branches of social sciences and provide a fundamental understanding of how data is conceptualized through the prism of humanities and social sciences. Further, the course will cover how data science skills can be used to address some of the vital problems in the field of social sciences. This would be done by a series of guest lectures by faculty members from social sciences. This is a hands-on course where after a quick primer on Python, the student will start with sourcing, processing, and cleaning a dataset. Then, use Python to mine data from its source and analyse available data by using NumPy and Pandas. Subsequently, the student will be introduced to modelling data to perform predictions using the SciPy, scikit-learn, and stats models libraries. In addition, the student will be introduced to visualization methods using the matplotlib and seaborn library to visually understand the patterns in the data. By the end of this course, students will be able to work on data science tasks practically with different Python libraries and achieve their goals."
DATA203,Mathematical Foundations of Data Science,data science,4,"This course will cover the following topics that are fundamental to the field of data science: Discrete Mathematics: logic, sets, functions, relations, mathematical induction, counting, recursion, trees, and graphs.Probability: axioms of probability; conditional probability and independence; random variables; continuous random variables and limit theorems."
DATA204,Applied Statistics,data science,4,"This course will begin by providing an overview of statistical thinking: descriptive statistics,
 simulating various standard discrete and continuous distributions in R, sampling distribution and its
 connection with the law of large numbers and central limit theorem. Secondly, this course will introduce
 statistical inference: sampling and its distribution characteristics, point estimation, and hypothesis testing.
 We illustrate this module by solving some inference problems using time series data obtained from different
 contexts."
DATA205,Data Structures and Algorithms,data science,4,"This course will provide a rigorous introduction to elementary data structures and their
 analysis and applications to various computational problems in computer science. In addition, this course
 will introduce students to key algorithmic techniques for design and analysis of data structures for various
 problems that arise in the field of computer science. The course provides a broad overview of fundamental
 concepts involved in the design of algorithms and their complexity analysis."
DATA206,Data Management,computer science|data science,4,"This course focuses on database system concepts and architectures, various data models, Database Design using ER models, UML, Relational Algebra etc. Database as well as web-based programming using SQL, PHP etc., will be covered. It also introduces theoretical concepts on database design and normalization, data storage with the corresponding file structures based on indexing using B-Trees, B+-Trees etc. Further, transaction processing and concurrency control principles will be introduced. Some applications on Information Retrieval and Data Warehousing will be covered."
DATA230,Business Applications of Artificial Intelligence,business studies|data science,4,"Artificial intelligence (AI) is all around us. It‘s how Google answers our searches, Amazon recommends products, ChatGPT helps answer questions, and Spotify plays another song. Artificial Intelligence is changing the way decisions are being made in the world today. This course is intended to enable students to understand a critical aspect of AI, i.e., industry applications, scenarios, and use cases. The course covers this very critical aspect of AI, i.e., use cases of AI in a variety of industries such as Sales and Marketing, Retail Manufacturing, Healthcare, Education, to name a few."
DATA231,Database Management Systems,computer science|data science,4,
DATA232,Introduction to C Programming,data science,2,"This course offers a comprehensive introduction to C programming, focusing on developing problem-solving skills and a strong understanding of foundational programming concepts. Students will learn to learn to work on different data structures and write structured, efficient, and modular programs using control structures, functions."
DATA233,Introduction to Calculus,data science,4,"This course provides an overview of the following topics: Calculus (Limits, Continuity, Basic
 Overview of Differential and Integral Calculus with Applications that involve modelling, and Differential
 Equations). Multivariable Calculus: Derivatives, partial derivatives, differentiation with respect to a vector;
 gradient, Hessian, Jacobian. Taylor&#39;s theorem in 1 and n dimensions, with Lagrange remainder.
 Optimization in 1 and n dimensions, classification of stationary points. Constrained optimization and the
 method of Lagrange multipliers."
DATA234,Financial Analytics,data science|economics,2,"The Financial Analytics course is designed to provide students with the analytical skills and techniques necessary to navigate the complex world of financial markets, investment strategies, and corporate finance. The course focuses on integrating quantitative methods and data-driven insights into financial decision-making processes. Through a combination of financial theory, modelling techniques, and hands-on analytical applications, students will develop a strong foundation in financial modelling, portfolio optimization, risk analysis, derivatives trading, and technical analysis. The course will enable students to use descriptive analytics to summarize financial data, prescriptive analytics to optimize investment strategies, and predictive analytics to forecast market trends and price movements."
DATA235,"Digitalization and Society: Understanding Risks, Promoting Justice",computer science|data science|sociology,4,"In an era dominated by digital technologies, which have seemingly integrated themselves in every  realm of life, and have been taken up by industry, business, policymakers, civil society alike,  understanding the impacts of digitalization on society is paramount. This course delves into the  complexities of digitalization, exploring both its risks and opportunities while emphasizing the  pursuit of societal justice through informed design and ethical considerations. It encourages  students to go beyond the usual narratives of the benefits of digitalization and ask critical  questions which can help shape it in ways that recenter the emancipation of diverse types of end users. The course draws primarily from academic work in the fields of Science and Technology  Studies (STS), Critical Social Science, Feminist Posthumanities and Media Studies. 
This course offers a unique opportunity to explore cutting-edge issues at the intersection of  technology, society, and ethics using ‘real world’ case studies from India, Europe, the US and  beyond. By gaining insights into the complex societal impacts of digitalization, students will be  equipped to navigate challenges on the topic in both academic and industry settings. Whether  pursuing further research or embarking on a career in technology, this course aims to provide a  solid foundation for understanding and promoting justice in the digital age."
DATA236,"Generative AI, Agentic AI, and the Importance of Responsible AI",data science,4,"This course introduces students to the transformative world of Artificial Intelligence, with a focus on
 Generative AI, Agentic AI, and the critical need for Responsible AI. Through real-world case studies,
 accessible tools, and thoughtful discussions, learners will explore how AI is reshaping creativity,
 decision-making, and ethics in modern society."
DATA237,Applied dynamical systems,data science,4,"This is an introductory course on applied dynamical systems for the data science major. The
 main aim of the discipline of dynamical systems is to model the phenomenon of dynamics or
 change that is ubiquitous in the real world. The earliest examples of dynamical systems
 addressed by humankind were the motion of planets and other celestial bodies, changes in
 seasons, and observations of the life cycles of plants and animals.
 Though it is impossible to track the change in each and every aspect of a given system with
 many dynamic parts, overall patterns persist that capture gross features of the system.
 Examples include periodic recurrences of phenomena, irreversibility of certain processes,
 and so on. The theoretical model of a dynamical system aims to capture such overall global
 features of the system in mathematically precise terms.
 An important idea that pervades the study of dynamical systems is chaos: the sensitivity of a
 dynamical system to initial conditions. The phenomenon of chaos is indeed the norm rather
 than the exception in the real world, and it appears in a variety of forms with different
 mechanisms as well. In this course, we will give an introduction to chaos and its importance
 in understanding the time dependence of real-world phenomena.
 A good understanding of the basic concepts in Calculus and Linear algebra is encouraged,
 but the course is designed to be self-contained and will include a review of the important and
 
 relevant concepts. The emphasis will be on visualizing the important ideas rather than on
 rigorous proofs. The course also aims to give a flavour of the interdisciplinary nature of the
 discipline via many case studies in biology, electric circuits, mechanics, finance, and so on."
DATA238,Numerical Methods for Data Science,data science|economics,4,"Numerical methods are practical methods to find appropriate solutions to
 mathematical problems that cannot be solved analytically. This includes both problems
 described by algebraic and differential equations. In addition to solving the equations,
 inevitable data analysis techniques like interpolation and extrapolation are also carried out
 numerically. Understanding these methods are essential for a Data Science student. In this
 course the students will be taught about numerical methods involving non-linear and linear
 equations for finding roots, interpolation, extrapolation, numerical differentiation, integration
 and solution of ordinary differential equation and partial differential equation."
DATA239,Geometry for Computer Vision,computer science|data science,4,"How do computers &quot;see&quot; the world? The mathematical foundation of computer vision lies in
 understanding how shapes and images transform—and this course will teach you that
 language from the ground up.
 Starting with the familiar geometry of high school (Euclidean), we&#39;ll discover how different
 types of transformations create entirely new geometries. You&#39;ll learn how allowing shapes to
 be scaled gives us Similarity Geometry, how parallel lines behave in Affine Geometry, and
 ultimately how Projective Geometry explains why railroad tracks appear to meet at the
 horizon—the same mathematics that lets computers reconstruct 3D scenes from 2D
 photographs.
 This isn&#39;t your typical geometry course. Following Felix Klein&#39;s revolutionary approach, we&#39;ll
 see geometry not as a collection of theorems about triangles and circles, but as the study of
 what stays the same when shapes transform. This unified view connects ancient Greek
 mathematics to cutting-edge computer vision applications like facial recognition, autonomous
 vehicles, and augmented reality.
 No advanced mathematics required—just high school algebra, basic calculus, and curiosity
 about how mathematical ideas connect. Through concrete examples and visual reasoning,
 you&#39;ll build intuition for concepts that usually appear only in graduate courses.
 
 This course sets the foundation for Computer Vision II, where you&#39;ll apply these geometric
 tools to real-world vision problems. Whether you&#39;re interested in AI, robotics, computer
 graphics, or just want to see mathematics from a fresh perspective,"
DATA241,Introduction to Computer Vision (DATA),computer science|data science,4,"How does your phone straighten a photograph of a document? How do panorama apps stitch
 multiple images seamlessly? How do self-driving cars understand depth from stereo cameras? This
 course bridges the mathematical foundations from Geometry for Computer Vision I to real-world
 computer vision applications.
 Building on your solid understanding of projective geometry from Course I, you&#39;ll learn how cameras
 capture 3D scenes as 2D images and how to reverse this process computationally. Through hands-on
 programming projects, you&#39;ll implement the algorithms behind everyday vision applications—from
 document scanning to 3D reconstruction from photos.
 The course balances mathematical understanding with practical implementation. You&#39;ll derive key
 algorithms to understand the mathematics, then implement them in Python to see how they work
 on real data. A substantial optimization primer ensures you understand the mathematical
 foundations underlying computer vision algorithms—what is a cost function, how gradient descent
 works, why RANSAC handles outliers.
 
 No advanced mathematics required—just the geometry from DATA239/COMP239, linear algebra,
 basic calculus, and willingness to learn Python. Through weekly programming assignments, you&#39;ll
 build proficiency so that by course end, you&#39;ll have implemented core algorithms from scratch and
 built a substantial team project suitable for your portfolio.
 This course sets the foundation for understanding both classical geometric computer vision and
 modern learning-based approaches. Whether you&#39;re interested in AI, robotics, AR/VR, or just want
 to understand the technology you use daily, this course offers a unique blend of rigorous
 mathematics and hands-on application."
DATA242,Natural Language Processing (DATA),data science,4,"This course provides a comprehensive introduction to Natural Language Processing
 (NLP), covering foundational concepts, classical machine learning techniques, and
 modern deep learning architectures. Students will learn practical methods for text
 preprocessing, feature extraction, and building NLP models for applications like text
 classification, translation, and summarization. The course also explores real-world
 applications of NLP in domains such as finance, cybersecurity, and healthcare,
 equipping learners with skills to implement and evaluate advanced NLP systems"
DATA243,Multivariate Analysis,data science,4,"The course will present the concepts and methods of muItivariate analysis to the readers who have read at least one statistics course. The applications of multivariate methods is emphasized. The concepts of matrix algebra are very important. Matrices simplify the presentation of muItivariate techniques. Normal distribution and Regression models are discussed in the multivariate setup. Further, we introduce key concepts like principal component analysis, factor analysis, discriminant analysis and cluster analysis etc., which are quite relevant for data science."
DATA244,Fundamentals of Applied Cryptography,data science,4,"Cryptography is the science of designing encryption and decryption algorithms for
 providing secure communication between parties over an insecure channel. In the
 present age, cryptography has gained importance and is widely used in many
 disciplines.
 This is a first course in cryptography, with a focus on the algorithmic foundations of
 real-world cryptosystems, aiming to strike a balance between theory and application.
 In this class, we will cover the basic mathematics necessary to better understand
 various cryptographic protocols, algorithms, and attacks. This will provide a solid
 understanding of the practical issues involved in applying cryptographic techniques
 to design secure systems."
DATA246,Application of Matrices to Arts and Sciences,data science,4,"Matrix analysis has become a very important subject in data science which connects
data to various fields. In today’s world, computers are inexpensive and fast, and it is
easy to procure large amounts of data, and many outcomes are dependent on the
interplay between several disciplines and data. This course, therefore, takes an
interdisciplinary approach and attempts to connect a wide range of subjects, from
economics and finance to biology, using the language of matrices. It will provide
students a sound understanding of many practical issues faced in data science."
DATA301,Responsible Artificial Intelligence (Data),data science,4,"Recent advances in computing and information technologies, including hardware, software, databases, networks and communications have enabled the commercialization of many applications of Artificial Intelligence. Specifically, in the case of Supervised Learning, Deep Neural Networks and related algorithms have been able to achieve or even surpass human-like accuracy in applications like face recognition, voice recognition, automated driving, language translation, etc. This has given rise to multiple deployments of AI-based applications not only in the private sector but also in the Government. These deployments in areas such as recidivism prediction, algorithmic online ad targeting, drug addiction risk prediction, criminal intentionality detection in early stage shoplifting, etc. promise the effectiveness and efficiency of evidence-based decision-making. This early success has spurred rapid and frantic development of solutions using AI/ML and associated technologies without adequate safeguards and regulations. However, of late, multiple cases of bias and unfairness have been reported in the decisions made by AI/ML based algorithms, thus, raising ethical questions. In addition, AI/ML-based decisions cannot be explained easily due to their “black-box” nature. Impenetrability of AI/ML algorithmic decisions has reduced “trust” in the very algorithms that promised so much. This has spurred a call for Explainable AI (XAI) – AI-based decision-making that incorporates the notions of fairness, accountability and transparency."
DATA302,Introduction to Statistical Learning,data science,4,"This course is a hands-on introduction to tools and techniques in machine learning to model complex phenomena and solve problems in a variety of domains including health care, medical diagnostics, image recognition, stock prediction, and sports data analytics. This course covers the following topics: (i) Simple Linear Regression, Multiple Linear Regression, Training and Validation, standard error measures and analysis of model predictions, model selection, and regularization; (ii) Classification: Logistic Regression, Linear Discriminant Analysis, and support vector machines; and (iv) Overview of Unsupervised Learning: Principal Component Analysis and Clustering techniques. This course will also introduce Python tools and libraries including scikit-learn, imblearn etc."
DATA303,Deep Learning (DATA),data science,4,"The course essentially is a hands-on introduction to various types of neural networks used in  machine learning and decision trees. Topics include Decision Trees, Bagging Random Forests and Boosting,  Introduction to Basic Neural Networks, Activation Functions, Deep Neural Networks (Convolutional Neural  Networks (CNN), Recurrent Neural Networks (LSTM), Autoencoders, Generative Adversarial Networks  (GAN), and transformer architectures with applications to problems in Image Processing and Computer  Vision. This course will also introduce Python tools and libraries including scikit-learn, Keras, TensorFlow,  and PyTorch."
DATA441,Applied Network Science,data science,4,"Network science plays a crucial role in modern data science for modeling and analyzing
 relationships among complex systems. Graphs provide a powerful framework for
 representing and studying interactions across domains such as social networks, biological
 systems, brain connectivity, and technological networks. This course offers an applied
 introduction to graph-theoretic concepts and network science using Python.
 Students will learn how to represent data as networks and analyze their structural properties,
 including connectivity, paths, centrality measures, and clustering. The course further
 introduces network models such as random, small-world, and scale-free networks to
 understand real-world structures, along with community detection techniques to uncover
 hidden patterns within networks.
 Through hands-on exercises and case studies, students will construct and analyze networks,
 implement key algorithms, and interpret results in real-world contexts. The knowledge gained
 will support applications in areas such as social network analysis, biological and brain
 networks, graph-based machine learning, and data-driven decision-making systems."
ECON201,Principles of Economics,economics,4,"The Principles of Economics course introduces students to foundational economic principles, introducing tools and models that enable a rigorous examination of everyday economic phenomena. It presents fundamental theories in micro- as well as macroeconomics, covering markets and prices, trade-offs, efficiencies, externalities, as well as the behavior of individuals and firms. The course initiates an examination of broader systemic phenomena such as trade, growth, poverty, employment, and inequality. At the end of the course, students should be familiar with foundational economic terminology, develop a basic understanding of markets and their potential failures, begin to appreciate the linkages between economic phenomena, and most importantly, recognize the importance of a rigorous approach in exploring economic questions."
ECON202,Microeconomics I,economics,4,"This course is the first of a two-part sequence aimed at providing a thorough understanding of the concepts and methods of microeconomics. 
  
  In this course, we will study consumer behavior in detail – looking at consumer preferences, budget constraints, and the utility maximization problem in the framework of Marshallian analysis. We will then learn how consumers allocate consumption, get an insight into income and substitution effects, and derive consumer demand functions. We will take a quick look at game theory, which investigates strategic decision-making among a small group of players. We will also briefly touch upon the theory of producer behavior, beginning with a stylized model of the firm, and understanding how economists model production, and how firms minimize their costs. 
  
  Part two of the Microeconomics sequence will cover producer behavior in greater detail, and examine how producers, consumers and the government interact in different settings."
ECON203,Macroeconomics I,economics,4,"This course will aim to introduce the students to the basic concepts of Macroeconomics. Transitioning from the individual and firm behaviour of microeconomics, it will focus on the aggregate economy incomes and economic growth.  It will build on the introductory concepts like consumption, savings, investment, government spending, GDP, money, inflation, wages, unemployment, current and capital accounts, fiscal deficits, role of expectations etc. Students will learn about the engine room of the macroeconomic world- the aggregate demand function and the IS and LM.
Topics: Economic methods, Defining and measuring macroeconomic aggregates-national output and income-CPI, WPI, Deflator, Introduction to Aggregate Incomes-Growth, Productivity, & Technology, Unemployment, Inflation, Core of Macroeconomics-Aggregate Expenditure and Equilibrium Output, Government- Fiscal Policy, Credit Markets and the Monetary System. Aggregate Demand and Aggregate Supply. Introduction to ISLM Framework."
ECON204,Econometrics I,economics,4,"This course introduces students to mathematical and statistical techniques for conducting empirical analysis in economics. It lays the foundations for the study of techniques to estimate and test hypotheses connected to quantifiable economic relationships. Students will learn to estimate and test basic regression models. The course will also prepare students to interpret estimated regression models and enable them to explore model biases that arise because of data limitations, misspecification, heteroscedasticity, and other factors. This course is a mix of conceptual understanding and practical application. Concepts will be explored through recourse to the textbook, and class notes and discussion. These concepts will then be applied to data sets while using R, the statistical programming language. 
  
  While a deep treatment of the issues surrounding causal analysis is beyond the scope of this course, we will take a close look at the conditions necessary for causal inference while we cover the course material. Through such scrutiny, we will gain insight into when statistical relationships may be considered ‘causal’ and when merely ‘correlational’.
  
  Topics: Data types, simple regression, multiple regression, estimation, inference, asymptotics, qualitative variables, heteroscedasticity, collinearity, diagnostics, hypothesis tests, miscellaneous specification and data issues."
ECON206,History of Economic Thought,economics,4,"The economy, which we have come to think of as a distinct sphere of human activity, is a peculiar conceptual construct with an even more peculiar history. This course introduces economics majors to influential intellectual traditions that continue to shape how we think about the economy and the laws that govern it. Along the way, the class will revisit and historicize commonplace categories in the field of economics: commodity, money, capital, prices, wages and rents, supply and demand, business cycles, and so on. 
 
 The course begins with the 18th century, when the field of political economy was still in its nascent stage. The first three weeks of the course focus on the classical tradition of political economy, centred around the work of Adam Smith and David Ricardo. This is followed by two weeks of Marxian political economy, and two weeks on neo-classical economic thought. After an excursus into institutional, socialist, utopian, and historical traditions in economics, the course concludes with a deep engagement with the Keynesian revolution and its lasting influence on the field. Students will also read and engage with work that looks at how intellectual currents in political economy and economics shaped modern institutions, in European nations, in India, and in global governance."
ECON207,The Indian Economy,economics,4,"This is a course on the economic history of Modern India, conventionally dated as the period from 1757 to the present. It aims to introduce to the students economic development and policies pursued in India. It attempts to engage students in locating the Indian economy within the world economy and understanding how the relationship has evolved over time. As contesting perspectives exist they will be exposed to them. The course commences with a study of colonial economic policies and the impact they had on India’s economy. In this section students read the work of some major historians. The course then moves on a study of the evolution of India’s economy since 1947, taking the student through the Nehru era, the Indira Gandhi years, the reforms of 1991 and economic performance under the Modi government. In this section the students will read the work of leading Indian economists. The topics covered will include the Colonialisation of India’s economy, the De-industrialisation debate, Land tenure legislation and its enduring consequences, Famines and the Raj, Colonial institutions, the Origins of modern industry, the Nehru era: Planning and its critics, the Green Revolution, initial Liberalisation moves, ‘1991’, the Modi years: initiatives (‘Make in India’, demonetisation) and shocks (Covid 19)."
ECON209,Macroeconomics - II,economics,4,"This course is a sequel to Macroeconomics I. It shifts focus to the long run and introduces students to the economics of growth, the role of capital accumulation and technological progress as well as the policy related aspects of economic growth. This course also introduces students to open economy macroeconomics including topics such as the IS-LM model in an open economy, balance of payments, exchange rates, typologies of exchange rate regimes and the effectiveness of the monetary and fiscal policies under different exchange rate regimes."
ECON210,Microeconomics - II,economics,4,"This course is a sequel to Microeconomics I, and will focus on the study of producer behavior. We begin with a stylized model of the firm, and then understand how economists model production, and how firms minimize their costs and maximize their profits. With a basic understanding of consumer and producer behavior, we will then look at how the two interact in a market. The concept of the market equilibrium will be introduced, and we will learn how the characteristics of this equilibrium vary across different market structures such as perfectly competitive markets, monopoly and oligopoly. We will then learn about conditions where the market fails to achieve an equilibrium, focusing on externalities, public goods, and markets with asymmetric information."
ECON211,Mathematical Methods for Economics - I,economics,4,"Economists primarily use mathematical methods to make and study economic arguments. Mathematics brings in the rigour and precision that are required to ensure that the economists’ statements are true and logically sound. This course is intended to familiarize students with mathematical concepts and methods typically used by economists, and introduce ideas from topics in differential and integral calculus, optimization, linear algebra, and financial economics. A course in these topics will lay the foundation for more rigorous courses in (various branches of) economic theory, statistics and econometrics.
 
 The goal of the course is not to delve into the theorem-proof route, but rather to help the students develop their mathematical reasoning and intuition, and become comfortable talking about economics using mathematical shorthand."
ECON212,Statistics for Economics,data science|economics,4,"This course has a dual focus: First, to introduce you to probability theory and the basic statistical concepts that are used to explore and understand economic phenomena. Second, to show you how this statistical knowledge can be applied to real world data using widely available spreadsheet tools like Microsoft Excel. Therefore, this course has been designed very much from a practitioner’s point of view. You will find that the material that you learn in this course will have direct application in your jobs and further studies. Sound grasp of material from this course will also be essential for your further coursework in econometrics and advanced microeconomics.
 
 The topics covered in this course fall into three broad categories: descriptive statistics, probability & distributions, and hypothesis testing. Descriptive statistics deals with the visualization and summarization of statistical data. You will learn simple tools for visualizing data on one and two variables, as well as statistical concepts for summarizing the central location and dispersion of your data. In the probability & distributions section, you will learn about probability and surrounding concepts like sample spaces, random variables, and combinatorics. You will also learn about some common discrete and continuous probability distributions. Hypothesis testing deals with questions of statistical inference: when are our conditions supported by the data and when are they not? You will learn about samples, and populations, point and interval estimates, and the apparatus of hypothesis testing about one or two variables."
ECON223,Introduction to Statistical Programming,data science|economics,4,"This course is aimed at introducing economics students to statistical programming, using R and Stata. In this course, students will learn the basics of programming – such as downloading and installing the programme(s), managing libraries and packages, and good coding practices. Students will learn to perform simple computations, including basic mathematical operations, creating vectors and variables, and working with frequently used tools such as conditionals and loops. 
 
 Through a combination of lectures, hands-on exercises, and projects, students will be exposed to different data structures, and learn the tools to manipulate and analyse data – importing data from different sources/in various formats, and transforming them into a format suitable for analysis, cleaning data and dealing with missing information, and data visualization/description – creating and formatting charts and tables. Based on students’ comfort level with these foundational skills, the course may also touch upon additional topics related to simple statistical tests and analyses."
ECON245,Introduction to Finance: Concepts and Methods,economics,4,"The Great Recession of 2008 dealt an important lesson to economists – that the real economy and the financial world are closely interconnected and lacking an understanding the world of finance is no longer tenable for economists. An understanding of finance and how the world of finance operates is an essential ingredient in the toolkit for a practicing economist. With this motivation, this First Course in Finance is designed to provide an introduction to the world of finance. As a first course, it gives an introductory glimpse into the various parts of the field of finance. For anyone planning to gain deeper understanding in the field of finance by taking additional more intense courses in finance, this course serves as a preparatory, foundational step. By providing a comprehensive overview of the subject it would also serve students who are seeking only a basic but broad understanding of finance.
This course is focused on business finance, to the exclusion of personal finance and public finance. Starting with a definition of finance as the organizing principle, the course content is structured around agents that demand finance for business, namely, business organisations. The first part of the course develops an understanding of the business organization – its goals, its forms, and the accounting of its financial transactions. The financial accounts are key to keep track of the financial health of the business. A healthy business generates finance internally and is also able to access external sources relatively easily for its daily business needs and also for investments. The second part of the course covers concepts and methods relating to business investments, like valuing cash flows from investments, and profitability and risk in investments. Business finance is accessed in financial markets through financial institutions that intermediate between savers and the borrowing business organisations. The third part of the course covers these aspects – sources of finance, financial markets and financial institutions. Finally, we look at how prices are determined in the financial markets – bond prices, stock prices, exchange rates – and how this links to the macroeconomy. We also take a brief overview of quantitative finance, which provides a toolkit for financial analysts and managers."
ECON309,Macroeconomics III,economics,4,"This is a one-term course in certain core areas of macroeconomics that could not be covered in some detail in Macroeconomics I and Macroeconomics II. In seeking to first establish a strong foundation in economic analysis, and in macroeconomic analysis in particular, the preceding two courses in macroeconomics stayed away from controversies in macroeconomic theory between different schools of thought. Further, some important parts of applied macroeconomic theory, like financial markets and financial crises, could not be dealt in detail in the earlier courses. This course will seek to give a more detailed treatment to these foregoing topics. A serious student of economics should not shy away from controversies and unsettled issues in macroeconomics, and should have the confidence to apply his knowledge to popular and important topics like financial markets and financial crises. The focus in this course will be on certain specific topics that any serious student of economics must have knowledge of. Six topics have been chosen for inclusion in this course at an intermediate level: different approaches to macroeconomic theory, theories of business cycles, macroeconomic policy, financial markets, macroeconomic crises and economic growth theory. This course will be pitched at a level that acts as a bridge, for the undergraduate student to continue onto graduate level studies, and also for those who wish to pursue other avenues like business management and employment as economic analysts. Students in this course will be required to do group projects that shall be designed to give a hands-on experience in using software tools for macroeconomic analysis with these objectives in view."
ECON310,Microeconomics - III,economics,4,"This course is a sequel to Microeconomics II specially designed for the students enrolled in the FYUP. It will focus on the study of market failure under second best settings. It will also dwell deeper into game theory, public goods, factor markets, and time costs. The concept of the market equilibrium will be re-introduced, and we will learn how the characteristics of the market vary in the real word leading to conditions such that market fails to achieve an equilibrium, focusing on externalities, public goods, markets with asymmetric information and imperfect competition. The course would develop a rigorous set of tools to analyze such conditions while unraveling how choices can interact and persist leading to strategic outcomes and payoffs."
ECON311,Development Economics,economics,4,"This course introduces students to key topics in the field of Development economics and policy, particularly those centered around the colossal challenges facing the global poor.
The first part of the course will introduce students to the fundamental question of why we still see extreme levels of poverty around the world, why some countries are rich while the others are poor. We will review selected classical and contemporary models of development to explore structural and institutional factors that impact the process of development. The second part of the course will dive deep into the concept of poverty at a micro level, i.e., at the level of individuals and households. The course will introduce and encourage students to think about how the poor make decisions, what constraints they face and what difficult trade-offs they make. We will learn about the actions and policies taken by various entities (Governments, international organizations, and NGOs) to improve the lives of the poor. Using modern empirical techniques, we will understand which of these policies have been successful, and which have not. 
At the end of the course, the students will develop a deeper appreciation for the dynamics of the development process and the challenges involved in ending poverty across the world, and have a better understanding of how poverty affects various aspects of human development."
ECON312,Environmental Economics,economics,4,
ECON313,Econometrics - II,economics,4,"This course introduces students to advanced econometric techniques for conducting empirical analysis in economics. It introduces students to several families of distributions and explores commonly used empirical approaches to identify causality. The course also features advanced topics such as instrumental variable estimation, panel data models, and limited dependent variables. At the end of this course, students should be able to have a deeper appreciation for the link between theory and empirical work, and also be able to engage meaningfully with current empirical literature in economics."
ECON321,Labor Economics,economics,4,"Labor economics, in a comprehensive sense, involves examining how individuals, firms, institutions, and the public sector interact to influence employment and wage outcomes. Throughout this course, we will delve into both theoretical and empirical aspects of labor economics, placing a significant emphasis on practical applications. We will focus on discussing research designs aimed at empirically measuring theoretical predictions and assessing the impact of policy interventions."
ECON323,Public Finance,economics,4,
ECON326,Economics and Public Policy: An Introduction,economics|environmental studies|political science|sociology,4,"Given the increasing wealth inequalities, should governments look at Universal Basic Incomes for certain sections of the society? Should AI replace low-cost jobs? Should borders be open or secured? Given rising fuel costs, should governments invest more in alternative fuels or increase subsidies for public transportation? Should government departments and enterprises (railways, airlines, telecom, petroleum) be privatized? These are examples of public policy questions that are inextricably linked to questions in economics. The goal of this introductory course is to prepare students to look at larger public policy questions of this kind and others through the lens of economics, stakeholders, resources use and resource constraints.
  This course hopes to cultivate in students an understanding of the underlying issues that influence policy. With political economy becoming the crucial issue of this century, there is a persistent need to develop a deep and specific understanding of the behavior of the markets and the actions of government and the purposes that fashion such arrangements. As the discourse between the economy, society and government becomes clear, so does the use of public policy. It then becomes a visible hand of the government to supplant the invisible hand of the market to achieve desirable societal goals. Working through monetary directions, governmental regulations, legislations, taxation and redistributed transfers, public policy aims to create a level playing field in societies to create growth and development of priority and emerging sectors. In this class, we will develop an in-depth understanding of what public policy is and why we sometimes justify government involvement in solving economic and social problems.
  This course aims to provide students with the basic tools to develop an understanding of practical and theoretical issues of the public policy process. Students will get familiar with the nature of public policy and its process, read and discuss theoretical materials explaining the public policy process and describe and analyze practical policy issues policy making - from agenda setting, policy design, policy formulation and adoption, implementation and evaluation. They will also discuss scenarios to simulate efficient and equitable outcomes and also understand the reasons behind policies failing. It will rope in economics concepts of moral hazard, free rider problems, virtue signaling among others."
ECON327,Game Theory,computer science|economics,4,"Game theory studies interactive decision-making and our objective is to understand the impact of interactions of multiple players and the resulting dynamics in a market environment. The introductory course in game theory will familiarize students with strategic behaviour and its applications in business decision making and several fields such as industrial organization, corporate finance, environmental economics, trade and political science. The course will cover several solution concepts starting with Nash Equilibrium, which will be modified under imperfect and incomplete/complete information scenarios. The concepts will be applied to case studies in bargaining, negotiation, pricing and market entry decisions."
ECON328,Health Economics,economics,4,"This course addresses issues related to health care, health policy, using tools from empirical and theoretical economics. We will use the tools of microeconomic theory to study topics such as micro foundations of health (demand for health care), socioeconomic and gender disparities in population health outcomes, health insurance design (moral hazard and adverse selection), determinants of health care spending, technological change in the health care sector, public health insurance policy, and the interaction between economic variables such as consumption and labor supply and health. The primary focus of this course centers on health-related outcomes and healthcare systems in developing countries, with a specific emphasis on India.
  Through a combination of lectures, problem sets, response notes to articles and podcasts, exploratory data analysis, and the presentation of research papers, students will learn about research methodology in health economics and applied microeconomics."
ECON329,Institutions & Economic Outcomes,economics|political science|sociology,4,"This course introduces the field of political economy to institutions and economic outcomes. It will begin by addressing the definitions of institutions and frameworks of economic outcomes. It will study the interrelations between the long-term effects of institutions on economic growth and other societal outcomes. The course will delve into the significant variations in economic and political development among nations with similar appearances.
  Drawing upon historical evidence, it will examine if institutional development, even unplanned, has delivered profound and far-reaching economic consequences.
  
  This course is designed to provide students with a deeper understanding of both the institutions and organizations of the world economies and their roles in shaping divergence in the distribution of earnings, wealth, and opportunities. The course will explore the merit behind the concept that the world can pursue economic development by establishing suitable economic institutions, emphasizing the significance of private property and competition. Additionally, it will examine whether better economic outcomes happen in open and pluralistic political systems.
  
  This course will also familiarize the students with the frontiers and tools of policy research topics and complement public policy and economic development courses. It will allow the students to understand and participate in academic discussions on emerging economic issues. It will provide insights into the political and public-policy debates that address the widening inequality and possible means of addressing it."
ECON330,International Trade,business studies|economics,4,"Since Adam Smith and David Ricardo, economists have sought to understand the causes, patterns, and consequences of trade among nations. This course introduces students to the key concepts, theories, institutions, and macroeconomic dynamics of international economics. It traces the historical evolution of the global trading system - from Mercantilism and the Gold Standard through Bretton Woods, GATT, and the WTO - and examines why countries trade, what they trade, who gains, and how governments shape trade through policy. Students will engage with the principal theories of trade (Absolute and Comparative Advantage, Heckscher-Ohlin, economies of scale and imperfect competition) and evaluate trade policy instruments including tariffs, quotas, subsidies, anti-dumping measures, and non-tariff barriers.
The course also covers the monetary dimensions of international economics: exchange rate regimes (fixed, floating, managed, pegged, spot, forward, and trade-weighted), balance of payments accounting, capital account convertibility, and global capital flows, analyzed through open-economy frameworks including the IS-LM-BOP model. Historical episodes - the Smoot-Hawley Tariff, the oil shocks of the 1970s, the rise of the US dollar as reserve currency - provide context for contemporary debates around the US-China trade conflict, Trump-era tariffs, supply chain disruptions, economic nationalism, industrial policy, digital and services trade, climate-related trade measures, and the geopolitics of regional agreements and groupings such as the QUAD. The course equips students with the analytical tools to navigate the rapidly changing landscape of global economic relations."
ECON332,Ecological Economics,economics|environmental studies,4,"This course will examine the links between economic and ecological systems. We will use concepts from welfare economics, common pool resources, ecosystem valuation and environmental ethics and apply them to the problems of fisheries and forest management, biodiversity conservation and global environmental change. The course will also focus on the relationship between economic growth, ecosystem services and human flourishing in pursuit of sustainable development."
ECON333,Economics of Education,economics,4,"This course delves into the economic aspects of education, with a specific focus on developing nations. It begins by tracing the historical trajectory of the economics of education, positioning it as a pivotal discipline amidst a broad spectrum dedicated to educational studies. Through an economic lens, it thoroughly examines diverse research avenues within education, such as human capital theory, educational production, cost analysis, funding mechanisms, educational planning, teacher dynamics, and the dynamics of educational markets and choice. The exploration involves not only the scrutiny of economic theories but also practical implications encompassing educational policies. 
 Additionally, this course provides an encompassing view of fundamental concepts and the challenges embedded in various research paradigms and methodologies utilized within the realm of education economics, including detailed insights into econometric approaches. Students are guided to hone their research skills and discern between robust and contentious research papers. 
 Of paramount importance within this course is the spotlight on education within developing countries. Education is recognized as a crucial element intertwined with social, political, and economic frameworks essential for nurturing sustainable growth in impoverished nations. The course underscores how education acts as a catalyst, elevating productivity levels, fostering innovation, and paving the way for enhanced democratic values – all pivotal factors propelling progress and development within these regions."
ECON334,Mathematical Methods for Economics II,economics,4,"This course is a continuation of the course Mathematical Methods for Economics I, pitched at a more advanced level, particularly for students in year 4 (under FYUP). The students will be introduced to the mathematical tools and concepts that are most frequently used in economic models of the firm and consumer behavior. To this end, the course will cover the topics of optimization (both constrained and unconstrained) with one and more than one choice variable, linear programming models, differential equation, difference equations and integration. The course will also cover in more detail some of the topics learned in Mathematical Methods for Economics I, like matrix algebra, rules of differentiation and limit theorems with specific focus on economic applications. Throughout the course, we will take an intensive approach to mathematics, but most of the emphasis will be on the applications or economic models rather than abstract mathematical theorems or concepts."
ECON335,Heterodox Contributions to Macroeconomics,economics,4,"There is today a definite mainstream in macroeconomics. While ideas that do not fit into this received framework tend to be ignored they can be crucial to understanding the working of the world economy, including India’s. Some of these are part of an entire approach to macroeconomics while others are standalone ideas/constructs addressing issues as broad as economic growth and as specific as financial crises. This course aims to introduce students with these heterodox approaches and ideas, with a view to enhancing their understanding of both how economic issues have been framed and how the economy actually works. The course is meant for students with an interest in economic ideas and evidence-based analysis of the economy."
ECON336,Mixed Methods in Impact Evaluation,economics,4,"The course will review a variety of evaluation designs for assessing the impact of interventions, may it be policies, programs or products, in the context of implementation research. The concept of counterfactual and causality will be discussed. The importance of considering mixed methods approach to impact evaluation will be highlighted. Mixed methods approach combines quantitative methods, qualitative methods as well as process evaluation for monitoring of the intervention. Practical examples from LEAD’s own work as well as from other published studies in the social sector will be used throughout the duration of the course."
ECON341,Economics Through Games,economics,4,"Game theory studies interactive decision-making and our objective is to understand the impact of interactions of multiple players and the resulting dynamics in a market environment. The introductory course in game theory will familiarize students with strategic behaviour and its applications in business decision making and several fields such as industrial organization, corporate finance, environmental economics, trade and political science. The course will cover several solution concepts starting with Nash Equilibrium, which will be modified under imperfect and incomplete/complete information scenarios. The concepts will be applied to case studies in bargaining, negotiation, pricing and market entry decisions."
ENVS201,"Anthropocene: Past, Present and Predicted Environments",environmental studies,4,
ENVS204,"Climate Change: Science, Economics, and Policy",environmental studies,4,"This course offers an in-depth exploration of global climate change, examining its scientific, economic, and policy dimensions. We will begin by discussing real-world manifestations of climate change and the fundamental science behind Earth's climate system. This includes understanding weather patterns, energy balance, the role of greenhouse gases, and the carbon cycle, along with future scenarios and tipping points.

Students will engage with the latest scientific reports, such as those from the IPCC, to grasp observed and projected changes in climate. We will critically analyse issues of equity and responsibility in climate change. We will deconstruct the concept of “net-zero” emissions, discussing carbon budgets, sequestration techniques, the outcomes of international climate negotiations, and the geopolitics of climate change.

In addition, the course covers practical aspects like carbon footprinting and the evaluation of real-world commitments to achieving carbon neutrality. We will study the impacts of climate change, including compound events, and explore both mitigation and adaptation strategies. Economic aspects such as carbon markets and various economic models will also be discussed to provide a comprehensive understanding of the approaches to addressing climate change.

An overarching theme running through the course will be the issue of climate (in-)justice, which we will examine from multiple perspectives. The course will culminate in end-term projects, in which groups will synthesize and apply the knowledge gained throughout the course.

This course embodies interwovenness, drawing from different disciplines – physics, chemistry, ecology, economics, behavioural science, and geopolitics. Some modules are scientifically and mathematically heavy, and others are reading heavy. Students taking this course are required to keep an open mind."
ENVS206,Tools and Methods in Environmental Studies,environmental studies,4,"This course will provide the basic vocabulary that students require to navigate the environmental sciences, humanities, and social sciences. Through systematic close readings of influential texts, we hope to enable students to use the tools and methods employed by these disciplines in the context of the environmental studies. We begin the course by charting out primary motivators and drivers of work in each discipline. We will then home in on cutting-edge research within each discipline. For example, in the environmental sciences, we will focus on the concept of thresholds and safe operating spaces for humanity. During our engagement with the environmental humanities, we will focus on how progress in the digital humanities has enabled visualisation and textual analysis of environmental history, philosophy, ethics, literary theory, art, and education. Lastly, in the environmental social sciences, we will pinpoint how ethnography and narratives are now becoming invaluable tools for understanding how society interacts with the environment."
ENVS216,Environmental History,environmental studies|history,4,"This course introduces various themes in environmental history, taking as its point of departure the beginnings of the formalised movement of the field in Great Britain and the United States of America, and then forging its way across various parts of our globe in what will be in equal parts survey and case study, though with an eye on the Indian subcontinent. Particular attention will be paid to the effects of environmental thinking in the colonial world as well as to contemporary issues, in particular, climate change and conservation. The themes of the course will be suitable to an introductory level approach to the subject such that students will be in a position to make intelligent and thoughtful contributions to a greater environmental consciousness through the work they may undertake in time to come. To this end, projects will be designed using course and supplemental material and with an emphasis on work conducted outside the classroom to be discussed and portrayed within it as final output."
ENVS221,Environmental Communication,environmental studies|literature,4,"Environmental studies encompass not only the science of climate change or environmental harm but also communicating these for various kinds of publics. 
 This course moves away from objective and expert accounts of environmental risk and policy to focus on popular and public-facing forms of environmental communication. 
 Students will read and analyse genres of Environmental Communication like science and nature writing and the photo essay. This course is writing-intensive and the focus will be producing various kinds of short written and visual pieces and forms of public outreach around case studies drawn from neighbouring ecosystems. As far as possible we will arrange student interaction with some practitioners of these forms.
 
 
 The theme for this year will be Water."
ENVS232,Environmental Materialisms,environmental studies|history|political science|sociology,4,"Materials have shaped history and our everyday lives. The social, political, and economic structures determining access to materials create varying environmental outcomes. Environment outcomes in turn shape societies and its practices over time via the provisioning of materials. Our current thinking about sustainability, conservation, and environmental crises are all largely shaped by the ramifications of our material relationships. While philosophers have expounded on the dialectic tensions between the material and the ideal as an intrinsic feature of the human condition for a long time now, only relatively recently have the implications of this dialectic tension been explored by scholars of the environmental studies to better understand environmental and social concerns, both of the present-day (overproduction, consumer culture, social-ecological fallout), and leading into the future (New Materialism).
 This course is designed to be a whirlwind tour of the various ways to think about environmental and social contexts underpinning various kinds of materialisms. Past and present cautionary tales of humanity’s precarious relationship with the material world ⎯the bedrock upon which the dialectic of the material and the ideal hinges on⎯ have culminated in ecological collapse and social strife. However, political, historical, and economic contexts complicate these simplistic cautionary tales to a large extent with regards to causality. Lastly, materials are what nourishes our body and our mind, and brings joy to our lives; we delight in the textures, noises, colours, and tastes of things. Discussions on future materialisms could be much less likely about how we value material things too much, but rather about how we don’t value them enough (Thorpe 2014)."
ENVS235,Introduction to Environmental Science,environmental studies,4,"Environmental science is the study of patterns and processes in the natural world and their modification by human activity. To understand current environmental problems, we need to consider physical, chemical and biological processes that are often the basis of those problems. This course will give you the skills necessary to address the environmental issues we are facing today by examining scientific principles and the application of those principles to natural systems. This course will survey some of the many environmental science topics at an introductory level, ultimately considering the sustainability of human activities on the planet."
ENVS238,Introduction to Environmental Law and Policy,environmental studies,0,"This course provides an introduction to environmental law and policy
 with a focus on India. International, regional and global examples are
 included, with a prioritisation of bioregional, South Asian, and global
 South examples. The course emphasis is distributed between
 foundational perspective-building and practical problem-solving and
 skill application. The course curriculum covers conceptual and historical
 terrain, main sources and functional forms, constitutional context, and
 structural dimensions (including main institutions and networks) of
 environmental law and policy, with a deep dive into specific sub-fields
 including biodiversity and wildlife, climate change, energy, forests,
 pollution, urban environments, and water. Special attention is devoted
 
 Page 2 of 2
 
 to environmental and social justice concerns across the different sub-
 fields, laws, and policies. The course will be of interest to anyone
 seeking to develop a rigorous approach towards understanding the law
 and policy context, implications, and possibilities of most current
 environmental issues and problems."
ENVS242,Political Ecology of Biodiversity Conservation,environmental studies|political science|sociology,4,"The conservation of biodiversity and the protection of habitat that are repositories of biodiversity are now considered to be critical for ecological and social wellbeing. The narrative from which this tapestry is woven is remarkably similar across geographies and cultures; that biodiversity is threatened due to human action such as deforestation and degradation, unsustainable harvest, and due to the fault-lines created by competing objectives of environmental protection and human development. Articulated this way, biodiversity, and lands that contain it, become scarce resources within a political economy. Responses to the biodiversity crisis within a political economy engenders the separation of humans from nature, the commodification of nature by projecting its economic value, and the relentless strengthening of centralization. In recent years however alternate narratives to the dominant political economy have emerged. One of these is the political ecology counter-narrative. Political ecology subsumes learning from multiple disciplines to analyze the appropriation of nature (including its distribution and consumption) as an inherently political process linked to social relations and control, and the analysis of embedded power relations, domination, and inequality that result from this process. Examined in this fashion, biodiversity conservation is not a value-neutral term, but one that needs to be critically unpacked from multiple perspectives including ecological justice and social equity."
ENVS245,Environmental Chemistry,environmental studies,4,"Introduction to the Environmental Chemistry 
 The environmental chemistry is an interdisciplinary science that includes chemistry of atmosphere, hydrosphere and soil and the effect of anthropogenic activities on the environment.
 The well-known events in climate change, triggered by greenhouse gases and the stratospheric chemistry of ozone depletion by chlorofluorocarbon molecules will be discussed.
 The wastewater treatment and purification along with the various water quality parameters (including conductivity, pH, alkalinity, hardness) and their measurement will be examined.
 The treatment of solid waste and soil pollution will also be covered."
ENVS250,Environment and Ethics,environmental studies|philosophy,4,"The question of ethics is at the core of our relationship with the environment. Do humans as moral agents have a moral obligation towards other living beings and environmental components? Do our moral obligations change knowing that the environment is the only moral subject? How do we define value? Are all values defined solely by reference to ourselves or our kind, or is there a realm of value that extends beyond the human domain? This course illustrates the history of nature-human relationship and the moral and ethical debates that emerge owing to the present dismal state of this relationship. Students learn about various ethical schools that are in place and further gain an in-depth understanding of the necessary ethical debates by comparing and contrasting these ethical viewpoints. After giving exposure to the theoretical underpinnings of environmental ethics, the second half of the course delves into the practice of ethics by charting out the trajectory of the growth of major environmental movements and the major treaties at the global scale. It will delve into present debates concerning resource conflicts, developmental goals, and societal values to locate the role of ethics in the human-environment relationship. With the advent of the discourses on climate change, the ethical response to the environment became an even more conflicted issue. This course ends with addressing the dilemma of the individuals’ vs. institutions' responsibility and the larger effectiveness of ethical actions."
ENVS302,Alternative Energy on a Finite Planet,environmental studies,4,"Transition to carbon-free electricity is central to addressing climate change. These are generally solar, wind, hydro and nuclear – often termed ‘renewables’, ‘green’ or ‘sustainable’. The use of such terms conceals the substantial limitations and impacts of these alternative sources of energy. Energy extraction by solar panels and wind turbines (i.e. their efficiency) are inexorably limited by fundamental physics. Their power densities are substantially lower than those of fossil fuel power plants, and therefore require correspondingly larger land areas for installation relative to a fossil fuel plant of equivalent output. Unless the installation is on degraded land, they can cause serious disruption to wildlife habitats and agricultural lands. We have already witnessed the deleterious impacts of large hydro projects in parts of the country, and those of nuclear energy in other parts of the world. The raw materials that alternative energy installations are composed of and constructed from – metal ores, plastics, minerals – are in finite supply. Many are concentrated in certain parts of the world (e.g. Lithium in Chile, Nickel in Indonesia), therefore subject to the vicissitudes of geopolitics (and pandemics). Large solar and wind power farms also substantially affect the microclimate of their installation sites causing local warming. It is also unclear how the vast – and exponentially rising – quantities of spent solar panels and wind turbines that will emerge within the decade can be effectively recycled. The intermittency problems of solar and wind power are well known, and therefore the need for battery technology – with its own land, water, material and chemical footprints. What does all this mean for India’s ambitious alternative energy programme of 500 GW of non-fossil energy by 2030? What will it affect carbon emissions, air pollution, wildlife, agriculture, and human settlements? This course will be a joint exploration of many such questions. 

This is a **quantitative course** but pitched at high school level of mathematics. The goal of the course, subject to interest and coding skills, is to divide into teams and create maps of India identifying the regions with greatest potential for alternative energy with least impacts – from interwoven science, socio-economic, and ecological perspectives."
ENVS305,Environmental Governance,environmental studies,4,
ENVS306,Introduction to Sustainability,environmental studies,4,"This multidisciplinary course provides a comprehensive and critical exploration of sustainability, focusing on the interconnectedness of its environmental, social, and economic dimensions. It examines the historical and scientific origins of the sustainability movement and its evolving principles, while critically assessing contemporary global challenges such as water scarcity, food insecurity, energy demands, rapid urbanization, pollution, waste management, and the impacts of war and violent conflict. It introduces sustainability frameworks and models and, through global examples and case studies, explores both actionable strategies and limitations for addressing sustainability challenges. The course engages critically with sustainability concepts and trade-offs, drawing from disciplines such as ecology, economics, ethics, and development studies. The course fosters reflection on the complex stakeholder interplay, values and behaviours of individuals and groups, examining concepts of power dynamics, inequality and social justice, and emphasizing their impact on individuals and communities."
ENVS310,Agrarian Crisis and Indian Society,environmental studies,4,
ENVS315,Creative non-fiction: the art and craft of long form journalism,environmental studies|literature|sociology,4,
ENVS327,Introduction to GIS,biology|environmental studies,4,"Geographic Information System (GIS) is widely used across sectors for data analysis and
visualization. The GIS software equips the user to understand and analyse complex issues at spatial and temporal scales. This course intends to expose students to the basics of GIS with hands-on training so that students can use these acquired skills in their respective areas of interest."
ENVS328,Environmental Impact Assessment Laboratory,environmental studies,2,"Environmental Impact Assessment (EIA) is an essential tool used to assess the potential impacts of human activities on the environment, including natural habitats and human health. As human populations continue to grow and expand, and natural resources become increasingly scarce, it is critical that we evaluate the environmental impact of our actions to ensure the sustainability of the planet for future generations.

EIAs provide a comprehensive framework for identifying and analyzing potential environmental impacts of proposed activities, such as land use changes, industrial processes, and infrastructure development. By conducting an EIA, we can identify potential impacts and take necessary measures to minimize or mitigate negative impacts, such as air and water pollution, soil erosion, habitat destruction, and loss of biodiversity. In addition, EIAs can also help identify potential risks to human health, such as exposure to hazardous chemicals, pollution, and infectious diseases.

The Environmental Impact Assessment Laboratory Course is designed to provide students with hands-on experience in conducting environmental impact assessments. The course will cover a broad range of topics, including the principles of chemistry, and biology that are relevant to environmental impact assessments. The course will be entirely composed of laboratory experiments that will teach the principles and techniques involved in environmental impact assessments."
ENVS333,Remote Sensing,data science|environmental studies,4,"Remote sensing forms an essential component of earth system science research. Most of our knowledge on climate change impacts and environmental degradation relies on datasets obtained by remote sensing. Remote sensing methods are applied in a variety of fields and many of them are touched upon in this course. Often, remote sensing and GIS are combined as a course, however, such courses focus primarily on a subset of remote sensing wherein 2 dimensional images over a region of interest are processed as geographic information. This course differs from such an approach in that the focus is on the concepts and techniques adopted in remote sensing measurements. The course has three demonstration classes where students will be exposed to the remote sensing datasets with the guidance of the instructor. In addition, the students need to carry out group projects on their own."
ENVS336,Environment versus Development: the policy dilemma,environmental studies,4,"The growth versus environment debate has been one of India’s nay the global community’s major policy dilemmas for over a century now, exacerbated in the era of global warming and climate change. Further deepening the dilemma are the processes set off by globalization, privatization and liberalization combined with the role of technology in people’s lives.
 Yet, this debate has also spurred a new line of thinking and public policies in recent times.
 Growth is an imperative for material needs or poverty alleviation. But ecology, too, needs to be healthy, in the absence of which there’s a heavy price to be paid by the humanity, as witnessed in the unprecedented disasters: landslides, recurring floods and droughts, water scarcity or the devastation caused by extreme weather events and the society’s unpreparedness in such cases.
 It’s a quintessential “wicked problem” – to borrow from the term coined first in a 1973 paper by Horst W J Rittel and Melvin M Webber, professors of design and urban planning at the University of California at Berkeley (Dilemmas in a general theory of planning) – that does not allow for the best solution but rather only the acceptable compromises.
 Questions abound: Is there such thing called sustainable economic growth, as advocated by the different stakeholders? What’s the history and philosophy of environmentalism and the many different tensions centred around these two ideas? How does public policy factor in both?
 This course, drawing from field work and theoretical foundations, would offer students of social and environmental sciences with a keen interest in public policy a thorough review of this classical dilemma and the choices a society has and makes. 
 From the earliest debates over the construction of large dams, to industrial development, to the ideas of green economy or degrowth, and the history of India’s environmental legislation, the week-by-week sessions would build on the different thematic aspects of this debate and pose before students the confounding questions integral to understanding a public policy dilemma.
 For instance, the social and economic fallout of the land acquisition for development projects by the State using the whip of Eminent Domain: What happens to the people who are displaced by development projects? This itself posits several questions for consideration: Is development possible without any environmental, ecological or social harm? Or is there a need for a paradigm shift to strike a balance between the two processes, as the world runs out of time to deal with and eventually fix the global poly-crisis, a term coined by historian Adam Toonze.
 With class-rooms discussions intermittent with lectures, presentations and anecdotal stories from the field, this course will dwell upon the theoretical foundations as well as the real-life situations to explore tensions between the cause of environmental conservation and preservation and an inevitability of development for economic growth."
ENVS337,Natural Hazards and Mitigation,environmental studies,4,"Natural disasters are among the greatest threats for human lives and quality of life. This course introduces students to almost all the natural hazards that can cause disasters, from well-known frequently occurring ones to extremely rare ones. The course discusses the causes and consequences of natural hazards, efforts undertaken to predict them in advance and the complications of such efforts, in a fundamental level. The causes of natural disasters are understood based on the underlying scientific investigations. To predict them, routine measurement networks and scientific modelling are required. Finally, mitigating their effect depends on the support and efforts provided by the policy makers.
Contents:
Lithosphere based: Earthquake, Tsunami, Volcano, Landslide, Sinkhole
Weather based: water and wind both contribute to natural disasters: Cloud burst, Flood, Hailstorm, Snow avalanche, Draught, Cyclone, Tornado, Dust storm, Pollen transport, Lightning, Forest fire
Biological hazard: Pandemics and epidemics 
Space based: Space weather effects, meteor or asteroid impact, proximal supernova or black hole 
Role of climate change and other anthropogenic activities in aggravating the hazards"
ENVS341,Introduction to Cryosphere-Climate Interactions,environmental studies,4,"Cryosphere is that part of earth that consists of snow (seasonal/permanent),
 glaciers, ice sheets, sea ice and permafrost. The cryosphere (especially ice sheets
 and glaciers) are responsible for lowering the heat budget of the earth by reflecting
 large portions of the incoming solar radiation as ice is a good reflector of radiation.
 Increasing global temperatures has led of reduction of the extent of the cryosphere in
 recent times. In this course, the students will be exposed to basic concepts and
 terminologies related to the field of climate-cryosphere interactions. In addition to
 that, the students will be asked to read and present simple research papers in this
 field with the guidance of the instructor."
ENVS345,Theatre Of The Climate: Performing A Just Future,arts|environmental studies,4,"Theatre of the Climate: Performing a Just Future is an interdisciplinary course that
 bridges environmental sciences and the arts to explore climate change as both a systemic
 crisis and a human story. As climate realities become increasingly urgent, understanding
 them requires not only scientific insight but also emotional resonance, cultural memory, and
 ethical imagination. This course invites students to examine climate change through the
 lenses of social and ecological justice, considering how inequalities of caste, gender and
 geography shape vulnerability and responsibility.
 Blending systems thinking, ecological theory, and participatory art practices in theatre,
 dance, storytelling, and visual arts, students will explore the role of traditional knowledge
 systems, in making the climate crisis personal and public. Drawing on readings from
 science, performance studies, and decolonial thought, alongside engagements with artistic
 practitioners and community archives, students will develop original art-based interventions.
 The course culminates in collaborative performance prototypes that embody just and
 sustainable futures. It is ideal for students pursuing environmental sciences, global arts, or
 any other discipline with an interest in climate action and creative expression.
 Theatre, dance, and visual arts can bring to life the narratives of those affected by
 environmental injustices, offering audiences a visceral understanding of these complex
 issues.
 This course is proposed to be capped at 15 students.
 Learning Outcomes:
 1. Students will be able to analyse climate change as a “super wicked problem”
 using systems thinking and social-ecological frameworks.
 2. Students will critically engage with the intersections of climate injustice and
 social inequality through caste, gender and class lenses.
 3. Students will develop and apply performative, visual, and narrative art
 practices to sense, express, and communicate climate experiences and
 knowledge.
 4. Students will collaboratively design and present creative interventions - such
 as performances or installations - that address climate justice and imagine
 alternative futures."
ENVS346,Introduction to Environmental Toxicology,environmental studies,4,"This course provides a necessary foundation in environmental toxicology, emphasizing
how chemical, physical, and biological agents adversely affect living organisms and
ecosystems. It explores the sources, occurrence, fate, transport, bioaccumulation,
toxicokinetics, and toxic effects of pollutants in air, water, soil, and food systems.
 Students will analyze how environmental changes and pollution contribute to human and
ecological health risks, while developing an understanding of toxicokinetic processes
(absorption, distribution, metabolism, and excretion) and factors influencing toxicity.
 Through case studies such as the Bhopal gas tragedy, oil spills, and e-waste
contamination, the course connects theory to global environmental health issues. It
concludes with the principles and applications of Environmental Health Risk Assessment,
enabling students to evaluate exposure, hazard, and risk characterization within
environmental contexts."
ENVS422,Global sustainability transitions: Context and Scalability,environmental studies,4,"There is growing awareness that large scale social-ecological changes are necessary towards affecting a meaningful transition towards sustainability. Alternative economic models such as degrowth, steady-state, and doughnut economics have been proposed to this end. Philosophies such as Buen Vivir and Ubuntu have likewise attracted increasing attention. However, the complexities of the real world mean that there are few, if any, examples of large scale uptake of these philosophies or models. However, interesting case studies of large-scale transitions are underway in different parts of the world. For example, political churning of the past 2-3 years in Chile have led to a new draft constitution with progressive – even radical – ideas on social and environmental protections. ‘Rights of Nature’ are being contemplated and instituted in an increasing list of countries, perhaps most famously in Ecuador. Radical ideas on gender equality have emerged and been instituted in parts of Kurdistan. Yet, many of these initiatives are nascent and fragile. The new draft constitution of Chile may be defeated in a referendum, and the gender rights movement in Kurdistan may be motivated by strategic political concerns relating to identity. In this course, the purpose is to identify and study key examples of large-scale social, environmental and economic transitions of the past decade, and to interrogate the historical context in which these came about. We will ask whether these changes are robust, and whether progressive policies developed there could be carried over to similar contexts elsewhere in the Global South. The purpose is to come to an understanding of whether such changes were incidental and fleeting ,or whether genuine social tipping points were triggered."
ENVS426,Environmental Justice,environmental studies,4,"This interdisciplinary course prepares prospective academics, activists, ethicists, leaders, researchers and policy-makers for environmental justice challenges and opportunities in India and across the world. The initial course module focuses on the theoretical foundations and conceptual contexts of environmental justice. Next, an experiential education module guides learners in developing familiarity with the practice of environmental justice. The concluding module on institutional and societal changes for environmental justice further develops and synthesises the theoretical and practical insights generated earlier in the course.

Environmental justice - a discourse that straddles research, policy, and activism – focuses on the dynamics of justice/injustice in environment-related thinking and action. Concepts closely linked to justice, for example - equity, equality, fairness, responsibility, difference, recognition, liberty, dignity, violence, goodness, rightness, etc. - necessarily get included in any analysis of environmental justice. A crude definitional attempt would be to say that environmental justice is concerned with who wins and who loses in any given environmental context, why and how this happens, why this matters to those involved and to all of us, and what can be done to change things around. Further, good environmental justice theory is attentive to questions of difference and colonialism and the multiple crises of contemporary global capitalism; some political thinkers, for example, explicitly identify the goals of green politics as striking at the very heart of the polluted, materialist, consumerist, unequal, and industrial capitalist society.

Mainstream discourses of climate change, sustainability and sustainable development often obscure the injustice and inequity of specific kinds of human activity relating to the environment. Framing issues in the language of environmental justice therefore allows us to excavate these silences in the mainstream discourses of climate action and sustainability, which in turn makes possible a more informed critique of how power operates in the political and governance systems (in India) that govern the environment. Such an understanding allows for an ethical and truly meaningful environmental practice in fields such as academia, business, journalism, law, media, policy, etc.  
Making the quest for environmental and social justice a central concern requires confronting the fundamental underlying processes (and their associated power structures, social relations, institutional configurations, discourses, and belief systems) that generate environmental and social injustices. A coherent political account of how we could respond to these challenges requires the conceptual arsenal provided by environmental justice theory and practice. Ideas of environmental justice therefore enable “new critical engagements with the relations between economy, environment and society, and illuminate the radical potential of sustainability” (Harvey 1996). Such an approach gives environmental practitioners a suitably nuanced, historical, comparative, and ethical orientation for their specific practice. 
Another question of relevance for this course is: what would distinctly non-Eurocentric environmental justice agendas for India and the global South look like? The analysis here could focus on questions such as: do vulnerable people in India suffer the most from current models of development? If so, why is this and what can be done to correct the situation? How can we balance the tension between economic development and environmental protection in specific Indian geographies? What might be the tensions and polarities between conservationists and resource-dependent communities? What kinds of movements, campaigns, programs and projects are successful in achieving environmental justice in the distinctively Indian contexts of unstable federalism, rampant poverty, violent state action, low literacy, identity and coalition politics, endemic official corruption, poor enforcement machinery, etc.? What can environmental justice practitioners in India learn from the global environmental justice movement and from movements in other places in the global South?  

Summarizing the above discussion, an environmental justice approach as understood in this course, therefore: 
a)        critically, contextually and holistically re-examines the foundations of environmental/sustainability thinking and action from the standpoint of justice, and;
b)        applies the insights gained from such a critical re-examination to ethically devise, implement and evaluate new approaches and solutions to pressing socio-environmental problems.   

The course enables learners to develop an 'environmental justice mindset' and to develop familiarity with some commonly-used approaches, methods, tools and resources to augment the practice of environmental justice in varied sectoral/disciplinary/professional contexts. The course will be built around specific exercises and experiential components focused on professional practice that responds to some key problems of environmental injustice. Workshop-style segments will focus on brainstorming, envisioning, strategising, project design, research methodology, team-work, prototyping, documentation, fund-raising, and communication for professional practice relating to climate change."
ENVS433,Pan Asian Environmentalisms: a short history,environmental studies|history|literature|sociology,4,"This course explores how the various Asian communities that lived along land and maritime trade routes, which linked different parts of Asia, understood the environment and nonhumans. How did the movement of people, as well as the spread of ideas, literature, religions, art, commodities, from pre-modern times to the present, in Asia, shape notions about the nonhuman? How did understandings of the environment rest on religious, medical, cultural and social beliefs?"
ENVS441,Introduction to Atmospheric Science,environmental studies,4,"This course will act as a comprehensive introduction to atmospheric science with a
 focus on the whole atmosphere of the Earth. Students will develop a quantitative
 understanding of atmospheric thermodynamics, radiative balance, atmospheric
 dynamics, mesoscale and synoptic-scale weather systems, and a prelude to
 principles of climate."
HIST205,Sources of the Self: India in the Second Millennium A.D.,history,4,"This course explores the most significant developments of medieval and early modern India. Second Millennium is also the time period when regional cultures, linguistic and literary traditions as well as popular religions were produced. It is important to note that these constructs inform our social, cultural and religious lives today and in that sense constitute our sources of the self. In that sense, our goal is to examine the medieval in our contemporary world. 
 We will study the following six themes in this course. 
 First, the emergence of regions and regional cultures, which are often based on bhashas or regional languages. While some of these languages had already been in existence for several centuries, it is mostly towards the end of the first millennium AD that Indian bhashas emerge from the shadows of Sanskrit or Prakrit and begin to be used for political, literary, religious and discursive purposes. This moment also marks the emergence of regional political formations and regional cultures, primarily based on bhashas, across India. Our first objective is to explore the emergence of bhashas, their connection to political power and the new expressive possibilities available for their speakers. Note that such linguistic and regional cultures have been the basis for linguistic states in independent India. 
 Second, we will consider the nature of state formation and imperialism across India by considering examples such as the Delhi Sultanate, Vijayanagara and Bahamani kingdoms as well as the Mughal empire. We will also study political and administrative innovations as well as the political culture produced in this period. Note that the political elites produced in this era continue to exercise their influence over South Asia until the present. 
 Third, we will study the increasing complexity and diversity of Indian religious imaginations of this era, in which Islam and Christianity become an important part of Indian religiosity. Our specific focus will be on developments in popular Hinduism, specifically bhakti religiosity in different regional languages and cultures. Additionally, we will examine the presence and spread of Islam, particularly through Sufi traditions and the question of conversion to Islam.
 Fourth, we will examine how the Indian landscape was transformed with new forms of monumental architecture, urbanism and water reservoirs, all of which were intimately connected to medieval political projects. Medieval monuments, be they temples, palaces, mosques, forts, mausoleums or water bodies, were built using enduring material and continue to be a part of the built environment. Medieval cities such as Delhi, Surat and Bangalore, though transformed during colonial and modern era, continue to inform Indian urban culture. 
 Fifth, Our final major theme will be to look at the economic developments of the Second Millennium, specifically the expansion of agriculture, manufacturing, trade and commerce and urbanization. This is the period when Indian economy is integrated into the global economy and trading networks. 
 Finally, we conclude the course by considering India’s engagement with the early modern world. Since modernity is seen as a European achievement, we want to end this course by asking whether other cultures, specifically India in our case, contributed to the making of European modernity or fashioned their own modernity. 
 Note that in our exploration of the above mentioned six themes, we will foreground the movement of people, ideas, cultural practices within India and from places such as Central Asia, Arabia, Turkey, Persia, Africa and Afghanistan, all of which leads to the remaking of Indian landscape, demography and civilization."
HIST206,From Mughaliyah Saltanat to Sovereign Republic: India in Transition,history,4,"This course studies the history of India from the death of Emperor Aurangzeb in 1707 to the founding of the Republic of India in 1950. The collapse of the Mughal Empire was followed by a period of competition between various rising powers including the Sikhs, the Marathas, Hyderabad and the Europeans, which eventually resulted in the emergence of the British Raj in India. British colonial rule transformed India. It changed what it meant to be Indian and led to new ways of thinking about nation, religion, and what it meant to be modern. The collapse of British rule in India in 1947 was accompanied by immense violence and lead to the creation of two new countries; India and Pakistan. This course will focus on six key themes; the contest for power among the successors to the Mughal Empire, the rebellion of 1857, the history of the Indian princes, the emergence of Indian nationalism, the two world wars and finally the making of an independent India. The course will prove useful to students interested in Indian history and politics."
HIST209,How We Became Modern: World History from 1750 to the Present,history,4,"In this course we will study the history of the last two hundred and fifty years through a focus on key events that have shaped the modern world. This includes the end of European empires in the Americas and their growth in Asia and Africa, the emergence of nationalism, industrialisation and its environmental consequences, the world wars, the Cold War and globalisation. We will look at a wide variety of interesting historical actors from the gaucho cowboys of South America to the final remnants of the samurai in Japan. We will also encounter various important historical figures including Napoleon Bonaparte, Isambard Brunel, Joseph Stalin, Margaret Thatcher and Barack Obama. In studying this course we will gain a foundational understanding of the politics and history of the world in which we live."
HIST215,"Tools, Time and Terrain: Exploring the Prehistoric Archaeology of South Asia",history,4,
HIST303,Historical Reasoning,history|literature|philosophy,4,"History is not simply the study of what happened in the past. It also involves reflections on the nature of the past itself and how we come to know it. Such reflections on the ontology of the past, our ability to access it and the narrative forms in which the past is presented – have all been extensively discussed in the philosophy of history and historiography. Combining theories and insights from metaphysics, epistemology, hermeneutics and ethics, this course intends to explore the nature of historical thinking and reasoning. As such, this course has two objectives. First, to seek conceptual understanding of categories such as past, time, history, myth, chronology, causation, historical necessity and contingency. Second, this course also explores some key
 questions often raised in the philosophy of history: How do we know, represent and explain the past? Is historical truth objective and absolute or relative and contingent? Does history have meaning or direction? What do historical accounts focus on – individual actions, social structures, cultures, nations and civilizations, different time periods? Finally, do historical accounts carry moral imperatives? To respond to these questions, we will study a number of thinkers such as Vico, Herder, Hegel, Marx, Nietzsche, Collingwood, Michel Foucault, Paul Ricoeur, Hayden White and Ankersmit. Course readings will include a combination of selections from the writings of above-mentioned thinkers and accessible scholarly writings."
HIST313,The Art and Architecture of Medieval South Asia,history,4,"Is it possible to read physical objects such as paintings and works of architecture as manifestations of economic, political, social and environmental transformation in Medieval South Asia? Given the extent to which scholars have come to rely on texts to narrate the history of medieval South Asia, when and for what reasons might one turn towards physical artifacts and objects as sources of historical information? This course answers the aforementioned questions by bringing attention to artifactual cultures spanning 550 years in South Asia, beginning towards the end of the 12th century and concluding in the mid- eighteenth century. 
 
 The course commences with framing questions around “the medieval” in South Asian History and the ways in which that concept comes to inform debates around community and stateformation, the exercise of sovereignty and power, religiosity, patronage, travel, colonialism, and more recently, populism and nationalism. Subsequently, the course explores the ways in which the periodization of the medieval comes to encompass visual artifacts spanning the Ghurid, Mamluk, Khalji, Tughlaq, Vijayanagara, Sharqi, Lodhi and Mughal periods. The course ends with the debates surrounding the emergence of an “early modern period” in South Asian history and the peculiar manner in which the artefactual culture of medieval south Asia comes into conversation with that of the early modern. At the broadest level the course will not only introduce students to a wide array of works of art and architecture in the region, it will also encourage them to develop interpretative descriptions of these works by drawing on a variety of primary and secondary sources."
HIST318,Contemporary India,history,4,"How do we make sense of India? Is India a rich country with poor people? Is it a scientific superpower or a land of superstition? Answering these questions requires an understanding of the contemporary history of India. We will first look through the first fifty-three years of Indian independence to see how different political parties rose and fell, how society and the environment have shaped politics, how India’s foreign policy is made and how the leadership styles of different Indian Prime Ministers varied. We will study a wide variety of important personalities including Jawaharlal Nehru, the Dalai Lama, Lalu Prasad Yadav, Salman Khan and Amartya Sen. We will also look at interesting changes in Indian history from the writing of the constitution to the 1962 Sino-Indian war to the rise of McDonalds. The course will be of interest to students of Indian history, politics and society. More broadly it will be of interest to anyone who is interested in the historical events that defined the lives of their parents and grandparents."
HIST326,Ancient World,history,4,"This course introduces ancient civilizations, specifically focusing on the Indus Valley with discussions on Mesopotamia, Egypt, and China, and an overview of developments in other regions of Asia, Africa, and the Americas. We discuss alternate theories regarding urbanisation and definitions of civilizations. We also highlight discoveries and theoretical and methodological approaches in archaeology that have influenced interpretations of diverse civilizations. The course highlights transformations from early agro-pastoral Neolithic cultures with an emphasis on examining cultural transitions, the origins of agriculture, and the spread of domesticated plants and animals. We discuss the influence of environmental changes on the rise, spread, and decline of civilizations. We highlight issues related to the diverse manifestations of settlements, urban architecture and spatial organisation, governance, socio-economic structures, intellectual and religious lives, technologies, architecture, literature, art/craft, and more. The course discusses ancient population migrations as inferred from archaeological, linguistic, and genetic studies. It concludes by situating ancient worlds within modern contexts as related to changing perceptions and constructions of the past."
HIST330,Revolutions,history|political science|sociology,4,"How do you stage a revolution? Why do revolutions happen at some places and times but not others? What will the revolutions of the future look like? These are some the questions that this course will try to answer. Starting with the cognitive revolution thousands of years ago and ending with the ongoing revolution in artificial intelligence, this course will tell the story of world history through social as well as political revolutions. We will look not only at the four great political revolutions in America, Russia, France and China but also at many smaller ones that shape our world in subtle ways from Haiti to Vietnam. We will also study several social revolutions that have been no less instrumental in shaping humanity from the industrial revolution to the sexual revolution. We will explore the causes, ideologies and methods that animated revolutionaries as well as the impact of many of these revolutions on life in the present. In doing so we will also learn about key themes in historiography such as change, contingency, agency and progress."
HIST334,Maritime History,history,4,
HIST336,Ramayana,history,4,"This course will deliberate on the historical, political, ethical and literary concerns that frame the epic tale of Ramayana. We will explore the rich and diverse Ramayana tradition, delving into various retellings ranging from textual, to audio-visual to performance arts. Through the course, we will see how the Ramayana narratives have traveled, the story, story-tellers and the audiences, and how, if at all, do we read these various literary and cultural texts as historical sources."
HIST337,The Rise of Civilizations in India,history,4,"This course on early India explores the political, social, economic and religious developments from 2000 BCE up to 800 CE. We will move chronologically through the trimester to understand the changes and continuities that defined ancient India. At the same time, each block will be explored thematically, ranging from differing ideas of sovereignty and governance, the emergence of heterodox sects and Puranic traditions, and their inter-linkages with modes of production and social organisation, changes in material culture, craft technologies, commerce and urbanisation. Together these themes will provide an overview not only of what happened in early India, but why do we study early India? We will use a combination of primary sources and scholarship, and survey the relevant historiographical debates."
HIST339,Food and Power,history,4,"To eat, like breathing, is a biological instinct of our bodies, necessary for daily functioning. Unlike breathing however, the ways in which we eat, the food items we choose or reject, are linked to societal norms and economic capacities, beyond individual agency. This course will read foodways as systems of communications that encode identities in terms of state and household institutions, geographical markers, religious affiliations, labour and class positions, and caste and gender norms. 
This course will move chronologically through the turn to agriculture, ancient states and empires, religious sacrifices and asceticism, medieval mercantilism, industrialisation and circulation of food and labour, and end in the present day post-globalisation world. We will learn to read primary sources ranging from the pots and pans of the ancient world, medicinal texts, religious canonical literature, oral and written recipe collections, and modern day popular culture. Together, we will use these contexts and sources to understand how food functions as a marker of identity."
HIST341,Biography – a Historical and Literary Exploration,history,4,"This advanced seminar course (300, 400 and 600) intends to engage with the form of the biography, both as a narrative artefact and as a genre of historical scholarship.
By exploring biographies of ordinary and significant individuals, it will facilitate the discussion of the following questions. What is the relationship between individual lives and their experiences to those of the collectives of which they are a part? How do their lives tell us about the age and the larger events which they might have witnessed, participated or influenced? What light can be thrown on the classic social theory debate on structure and agency through a theoretical study of biography?
A second major concern of the course is the craft of writing biographies. How is the choice of biographical subject made? Is it limited to great man theory or is it possible and desirable to pluralize the subject of biographical writing? How do we write the biographies of different kinds of subjects - pre-modern subjects, modern subjects and living subjects all of which pose different kinds of challenges to a biographer? Should different approaches be adopted by biographers for different subjects?
The course will be reading intensive and will include biographies of a variety of subjects as well as scholarly reflections on the craft of Biography writing. In its first iteration, the course will be team taught with one course coordinator anchoring the course but future iterations of this course may also have a single instructor. The course readings will cover ancient, medieval and modern Indian as well as world history, the themes of race and gender, the fields of science, literature, and social activism, studies of a single person plus of two or more biographical subjects together."
HIST342,Modernism: The Art and Architecture of Anxiety,arts|history|psychology,4,"Modernism: The Art and Architecture of Anxiety, begins by exploring the pivotal artistic and architectural movements of the early 20th century, as attempts to find order and control in an increasingly chaotic world. A growing feeling of alienation and uncertainty about the future owing to the social upheaval of industrialization and the trauma of World War I
 prompted a widespread rejection of traditional artistic, social, and political norms in Euro- America. Modernism, in this “western” sense, was principally an exploration of new forms
 and techniques that shattered existing aesthetic modes, and established a new kind of truth or order that was centered around fragmentation.
 In the initial leg of the course students will therefore explore how the crisis of certainty in turn of twentieth century Europe, eventually led to an artistic embrace of abstraction. A sense of an intellectual and existential vacuum prompted artists to abandon representational art, as they felt that objective reality could no longer be accurately depicted. Instead, they embraced non-figurative art to express inner, subjective “truths” and new, non-Euclidean approaches towards comprehending space and time.
 
 In the second portion of this course we will examine how the anxiety undergirding the advent of Indian modernism was distinct from its Western counterpart. While European modernists grappled with the alienation of the industrial age and the fragmentation of reality, Indian artists faced a different, more complex set of concerns: the trauma of colonialism, the struggle for national identity, and the challenge of synthesizing tradition with modernity. In her influential book, &quot;When Was Modernism,&quot; the art critic Geeta Kapur, for instance, highlights how Indian modernists were not simply rebelling against a bourgeois establishment, but were instead engaged in a &quot;double discourse.&quot; The anxiety in this context was not about societal fragmentation but rather the existential struggle to forge a new national identity amidst the pressures of colonial rule. Indian modernists grappled with the tension between preserving cultural heritage and embracing the future, a creative anxiety that defined their artistic and architectural expressions. Drawing from Kapur’s writing, and from the art of Nasreen Mohamedi, and the architecture of Charles Correa and BV Doshi, the final leg of the course will therefore examine the extent to which abstraction in the context of Indian Modernism may be viewed as a profound effort to impose order on a world that appeared increasingly divided up between the national and the global, between the inner and the outer, and between the mind and the body."
HIST343,Moving Home: Migrations in Deep Time,history,4,"For millions of years, people, plants and animals have moved across continents, adapting to
 dynamic past climatic changes and responding to evolving ecological niches in multiple
 ways. This course explores the when, where, how and why of ancient population migrations
 across South Asia. Here, pre- and protohistoric populations inhabited diverse environments,
 leaving behind a wealth of evidence from which archaeologists address questions of
 interest. Who were these populations, and where did they come from? How did their use of
 space across ancient landscapes change through time? Here, we trace the story of migrations
 and mobility of prehistoric populations in South Asia. We begin our story around 3 million
 years ago in Africa and move across the world in the footsteps of hunter-gatherers, farmers
 and urban communities, culminating in the Indus Valley Civilisation. We look at evidence
 drawn from archaeology, past environmental changes, fossils and genetics. We explore
 debates in models that reconstruct the timing and nature of past migrations, on species
 involved and complexities arising from extreme events and environments. We culminate by
 discussing how archaeologists interpret migrations and the implications this has had on the
 evolution of conceptual approaches in archaeology and other disciplines."
HIST345,Gendering South Asian History: 1200-1800 CE,history,4,"The present course uses gender as a lens for looking into the history of medieval and early-modern South Asia. It especially looks at the categories of ‘masculinity’ and ‘ femininity’, how these were constructed and mapped during the period, in relation to one another. In doing so, it considers how evolving ideals of manliness came to inform kingship and domesticity in the Sultanate and the Mughal period. To what extent was the courtly and domestic spaces segregated? What were the ways in which the royal women responded and negotiated with the prescribed norms and participate in politics and court society ? How had art and architectural productions served as sites of gendered patronage, aesthetics, labour and performance ? These are some of the questions that we will address in this course. The course will also explore the non-royal social and political groups, the concubines, dancing girls, women slaves and labourers as well as the gender-liminal figure of the eunuch. The processes of gender marginalisation and defiance of gender normativity will also be taken up, particularly through a study of some of the women saints who challenged societal hierarchies in their pursuit of spirituality. The course will culminate with a discussion on how the notions of gender normativity were reoriented and subverted at the wake of colonialism in the eighteenth century."
HIST346,Diversity and Unity in Medieval Europe 500-1500 CE,history,4,"Too often, especially in Europe itself, the European trajectory of history is taken to be not just a typical template, but one which somehow explains how this relatively small portion of the globe found a path to world domination. We miss too easily that that domination was really achieved by only three or four of Europe’s very numerous polities, not even all the largest ones, and that the continent remained and remains broken up and contentious in identity, even though it is often treated and even acts like a single politico-religious entity. This course looks at Europe’s first and formative millennium, and tries to distinguish what worked against its unity and maintained its distinct identities and practices, as well as the more usual opposite. Looking especially at religion and government, as well as the basic resources of life, it sets out to make clearer how Europe’s foundations mean it has never quite been one thing together, despite how much its components share."
HIST347,"West Asia and the Mediterranean 200-700 CE: Empires, Religions and Replacement",history,4,"The early centuries of the Common Era in West Asia are dominated in historiography by two opposed empires, that of the Romans and that of the Persians. Arguably the whole of European history, which has subsequently been exported to much of the globe, is the process of dealing with and occasionally trying to reverse the end of the Roman culture; Persia, though less well-recorded, is no less significant for its inheritors, Islamic and otherwise. This course charts the entwined fates of the two empires in their long final phase, which ended with their replacement, in whole or in part, by a new competitor in the form of the first Islamic caliphate. Religion, ethnic identity and ideas about power come to the fore in this course, which will leave you understanding better both the shape of the world which West Asia has affected today and the enduring cultural significance of Rome, and Persia, as archetypes and aspirations."
HIST355,Indian Historiography,history,4,"This course introduces students to modes of history writing in India with a specific focus on modern and contemporary periods. We will begin with a brief survey of how the past was remembered and documented in ancient and mediaeval India. Then our goal will be to study different schools of modern historiography such as Colonial, Nationalist, Cambridge, Marxist, Subaltern and Hindutva. Students will learn to recognize the underlying conceptions of past and history present in different schools and also the narrative strategies deployed."
HIST655,Indian Historiography,history,4,"This course introduces students to modes of history writing in India with a specific focus on modern and contemporary periods. We will begin with a brief survey of how the past was remembered and documented in ancient and mediaeval India. Then our goal will be to study different schools of modern historiography such as Colonial, Nationalist, Cambridge, Marxist, Subaltern and Hindutva. Students will learn to recognize the underlying conceptions of past and history present in different schools and also the narrative strategies deployed."
KCCS101,Writing and Oral Communication,core,3,-
KCCS102,Mathematical Reasoning,core,3,
KCCS103,Creative Expression,core,3,-
KCCS121,Scientific Reasoning,core,3,-
KCCS122,Exploring the Social and the Historical,core,3,
KCCS123,Philosophical Perspectives Across Cultures,core,3,-
KCCS124,Data Analytics,core,3,-
KCCS131,Literature and the Arts,core,3,-
KCCS132,Ethics,core,3,-
KCCS133,Design Thinking,core,3,-
KCCS134,Introduction to Computational Thinking,core,3,-
KCCS190,Engaging with the Environment,core,3,-
LITT201,Introduction to Literary Studies,literature,4,"This course is designed to introduce Literature majors to some of the fundamental concepts and practices of literary criticism. We shall begin with a preliminary survey of the history of literary study as a way to propose working definitions of a few key terms: What do we mean by literature? What is a text? Who is an author? And what constitutes literary criticism? This last question will bring us to questions that pertain directly to method: In what ways can a text be read? Does it make sense to speak of a literary method in the same way as we speak, say, of the scientific method? Or, to put it another way, is there anything that all works of literary criticism share in common, or is it futile to look for such a common ground?"
LITT205,Android Dreams: Technological Imaginaries in Literature and Film,environmental studies|literature,4,"We often hear that technology will solve our biggest problems—inequality, governance, even loneliness. But why has technology become the main way we imagine the future at all? And what kinds of futures does it make possible—or impossible? This course approaches these questions through literature and film. We will read short stories, speculative fiction, and literary texts alongside cinema, treating them not as entertainment or illustration, but as forms of thinking—ways in which societies imagine, desire, or resist technological change. Focusing on South Asia, we will explore technological imaginaries: how narratives give shape to ideas of progress, control, care, and the human. We will practice close reading and interpretation, paying attention to voice, form, metaphor, and narrative structure, and ask how stories make technological futures imaginable."
LITT206,Creative Writing,literature,4,"The Introduction to Creative Writing is an intensive writing workshop designed to give students the opportunity to develop their craft via in-class workshops, readings, discussions, and one-on-one tutorials. The discussions will also focus on publishing and the publishing industry. The course will include Zoom sessions with authors and literary agents. 

The class will mimic the frenzied pace of real-life publishing. There will be deadlines, drafts, and redrafts. We will learn to read like writers and write like writers under pressure. 

Students will turn in one fully realized piece of fiction (a short story or the first chapter of a novel in progress) and a book review for the course. For the book review, students will choose a work of fiction by an author who comes from a background different from theirs (we will discuss in class what this means) on which to write a paper and give a presentation. The paper will be divided into two sections – the first will be a 1,000-word review of the book, and the second will be an analysis of the reviews the book has garnered in the media. The analysis should include students’ thoughts on the audience the book was written for, the type of marketing that might have gone into the book, the cover, the hooks used to gain publicity, author interviews, etc. You will need to search The New York Times, New Yorker, Guardian, Washington Post, Hindustan Times, Hindu, Financial Times, and other publications for reviews and features on the book. You will give a 10-minute presentation on your review."
LITT208,Genre (Shakespeare on Screen),literature,4,"This course will look at how the poetry of modernity - as a ground-breaking, insurgent â€˜genreâ€™, as a congress of ideas, and as a symptom and experience of modernity - thrived between the mid-19th and mid-20th centuries. Through a series of readings of primary and associative texts, the fundamental task of the course will be to think through the idea of the â€˜poetry of modernityâ€™. The poetry of modernity thrived in the metropolises of modernity but also away from it; found form in both heavily modernising imperial cities as well as in the cities forged by coloniality; was debated in the artistsâ€™ salons as much as in islands of individual genius; it talked back to the technologies of modernity as much as it turned away from them. Broadly it was a poetry of animation, alienation and contemplative ennui. The poetry of modernity was also transmedial (it found kinship with photography and art, cinema and new fiction), transnational (it flourished in several centres of contact between nationalities) and transitional, responding to an ephemeral, delirious, radically remade world. It is this network of opposites - the need to respond and revolt, to accommodate and alienate, to comply and dissent, to find fellowship but through extreme individuation- is what triggered the difficult and productive search for a new idiom and a new language of poetry. From the fundamental question of a broad definition, the course shall hence proceed to the more difficult question: is the poetry of modernity primarily a genre of poetry; or is it thus only when it is part of the experience and consciousness of modernity?"
LITT212,Literary Movements,arts|literature,4,"This course will aim to introduce concepts such as literary â€œperiods,â€ â€œmovements,â€ or â€œinfluencesâ€ as a fundamental instrument of criticism. They enable scholars to understand, by way of comparison or contrast, innovations in form and genre that go beyond the particular practices and choices of individual writers. Focusing on a specific literary movementâ€”English Romanticism of the nineteenth centuryâ€”we will examine what a periodising approach to literary studies looks like. When and how is a literary or artistic movement born, named, periodised, and canonised? And what does organising texts and writers into particular movements or periods do to the way in which we read them? The course will then make a distinction between historical periods and literary or artistic movements, the latter being defined, not merely chronologically, but in terms of specific literary and artistic goals shared across time, place, mediums, and genres. We will regard the movement in question as defined by critics retrospectively, as well as by the members themselves. And finally we will read Romanticism in relation to movements that preceded and succeeded it, as a way to gain insight into how movements fit into a historical continuum, how some movements are distinct and well defined while others are more nebulous and fluid, and why the notion of movements have at times been a point of contention among scholars."
LITT223,Introduction to Popular Culture,literature,4,
LITT224,Brief Encounters: The Short Story through Histories and Cultures,literature,4,"If brevity is indeed the soul of wit, then the short story is the fictional equivalent of modernity: it captures an instant, a hovering mood, a passing shadow. In fact, in some ways the short story is the arch-genre of modernity. In the early to mid-19th century, the modern metropolis was being forged by capital, migration and anonymity; here rapid industrialisation made demands on uninterrupted time; the telegraph and the railways atomised distance; photography made visualising of a moment possible. It is in that kind of a city where print modernity took sharp turns and the short story became one of the founding genres to mirror the harried, hurried, fleeting life in the new metropolis. It came to belong to a space in between a sketch and a tale, a fable and a saga, an anecdote and a long narrative. This course would look at the cultural and social origin of the short story; enquire into the ways in which it has transformed over the last century and a half; look at some of the critical approaches to it; and study its astonishing fecundity and flourish, including in the Indian subcontinent. In short, this course will be a survey of the genre as well as one which would look closely at some of its most representative specimens, and in several languages."
LITT232,An Introduction to Poetry,literature,4,"This course is a deep dive into the reading and practice of poetry. What is a poem? How is it fashioned? What makes it such a powerful form of literary enchantment? This course explores the building blocks of poetry, interspersed with readings of poems from around the world – canonical and less familiar. As it delves into questions around the role of sound and metaphor, free verse and fixed form, inspiration and craft, it will examine how we might become better practitioners, as well as better listeners. The course will combine immersive practice sessions with readings, group discussions with one-on-one interactions. In addition to multiple writing and reading exercises, students will turn in a final assignment that includes six rigorously-workshopped poem drafts and one poem review."
LITT233,Twentieth Century Women's Literatures,literature,4,"In recognition of the difference in experiences and history of those identifying with the category of “woman” (as opposed to their “male” counterparts), it was felt by many literary feminist critics in the twentieth century that literatures produced by these women would inevitably bear the marks of this history of difference that must be attended to. Following this tradition of feminist literary criticism, this course will involve studying selected writings of women in the twentieth century. As one would expect, any imagination of such a course would present several challenges. First, the category of “women” is a contested one and one must account for the diversity of experiences—along the lines of class, caste, race, ethnicity, sexuality—that resist such a universal categorization. Given this, one must contend with the following question: Do women across these boundaries have any unifying experiences or is the point of such a course to excavate difference even as it seeks to bring together disparate groups of persons under the category of “woman”? Second, one must inevitably be cautious while trying to use traditional (masculinist) theories of literary criticism in order to read women’s literatures even as one must resist a hasty assimilation of all women’s literatures into existing categories of feminist literatures (and leave it at that). How has feminist literary criticism negotiated these challenges and sought to construct an analytical lens that is drawn from the works of these women writers? This course will provide students with an opportunity to think through some of these challenges and questions with the help of literary works written—poetry, short stories, and essays—by women in the twentieth century. The course’s focus is primarily on Western literary traditions and thus, most writers included are from the West. Through close reading of these texts and attention to historical traditions and contexts within which these writers wrote, this course will unpack the shape of literary imaginations and landscapes that are specific to women writers of this century. In doing so, students will be encouraged to think about the role that women’s literatures and feminist literary criticisms might play in shaping mainstream literary studies."
LITT237,Voice and World: The Literary Essay,literature,4,"Voice and World: The Literary Essay is a twelve-week course designed to give students the opportunity to read a number of important literary essays and learn how to write their own. It is a vital addition to the writing program of Krea University. Students will get the chance to engage with this thriving literary form, reading such writers as Nora Ephron, Julian Barnes, DR Nagaraj, William Hazlitt and Umberto Eco, among others. A good essay relies on a personalistic style but brings forth crucial understandings about the world we live in. Students will learn how to research an idea they are interested in, develop their thoughts along suitable lines, and forward an argument in elegant, concise language. Students will work on multiple short essays over the course of the term and one final longer essay. This is a reading and writing-heavy course, in which we will encourage exploring ideas from other academic disciplines."
LITT241,Out on a Quest: Writing a Research Essay,literature,4,"Researchers are questers asking research questions to better understand the worldly wilderness we inhabit. They track and read sources, reflect on ideas, form alliances, combat misreading - wielding reading skills and writing implements. They return transformed by the quest, to tell their tale with a well written research essay that adds to how we know the world. This upper-level writing course for literature students will advance the skills learned in WOC and LAA. The drafting process will include basic archival research to find sources for a topic of one’s choice; distinguishing between different kinds of sources; asking research questions; making claims supported by evidence; sustaining an argument; getting and giving revision feedback; and, learning citation systems in addition to MLA. Motivated by the guiding principles of asking questions that perhaps stay unanswered in the process of knowledge creation, this writing intensive course aims to introduce students to the work of research as it gets bigger in scale and complexity. To meet the final goal of writing a proofed and polished 2,500 words research essay by the end of the term, students will complete shorter, targeted tasks for the new skills they are learning. For instance, if they have been introduced to an online archive, or have found one on their own, they may submit a description of it. Other exercises may include annotating a text, creating a glossary of conceptual terms, close-reading, writing summaries of sources they will work with, giving peer feedback, interspersed with revising and submitting drafts at incremental word limits."
LITT244,Writing in Genre: Speculative Fiction,literature,4,"This course will engage significantly with a specific form of creative fiction writing: speculative fiction. It will be one of a rotating series of Genre courses that we hope to offer as part of the Creative Writing minor. Speculative fiction is an extremely popular genre among writers and students. At the outset of this course, we will engage with a fundamental question: What makes a piece of writing speculative? As the term progresses, we will look deeply at the most popular forms of speculative fiction: dystopic literature, fantasy writing and alternate history fiction. Students will work on short pieces during the first weeks, and then are expected to develop and complete a longer story by the end of term."
LITT301,Make or Break?: The Literary Canon,literature,4,"This course explores how literary canons are formed by a multitude of different forces such as nation, culture, language, and economics. Beginning with a case study on the “western” or “English” canon in the form of one of the most canonical female writers of all time, this course teaches students how, why, and when certain “great” works gain their importance or place in the canon. In doing so, students will learn how certain forces of inclusion and exclusion create so-called literary canons. This course also asks students to consider what it would mean to imagine canons (or their absence) differently: for example, what would a “global” literary canon look like? How would you structure a canon of women’s literature? Do we need canons at all? To begin to answer these questions, our reading will explore the idea of the canon and its relationship to adaptations, translations, intertextuality, and literary prizes through key writers and texts and a trio of literary events in 2025: the global celebrations of the 250th anniversary of Jane Austen; the Nobel in Africa symposium in Stellenbosch, South Africa (November 2025), featuring literary prize-winners J.M. Coetzee and Abdulrazak Gurnah; and, closer to home in south India, the 2025 International Booker Prize for Heart Lamp to Banu Mushtaq and Deepa Bhasthi"
LITT308,Translation,literature,4,"This course aims to introduce students to Translation Studies (TS), by engaging with specific questions central to the domain. These questions revolve around the concept of equivalence, including issues of equivalence at various levels of language and text; they relate to challenges specific to non-literary and literary translations. At the same time, this course exposes students to various theoretical perspectives on translation in its interactions with culture. Beginning with a broad outline of the scope, history and central issues of TS, this course goes on to discuss various levels of equivalence. It begins with a focus on non-literary translation, and, thereafter, opens up to challenges specific to literary translation. Beginning with a close-up view in order to engage with these ‘building blocks’ of translation, it then goes on to view the process of translation from its place within culture and addresses issues that flow from it. Finally, it brings up some philosophical perspectives on translation. Thus, the course aims to give a comprehensive view of the act of translation and of issues concerning the domain of TS."
LITT316,Introduction to Translation,literature,4,"This course aims to introduce students to Translation Studies (TS), by engaging with specific questions central to the domain. These questions revolve around the concept of equivalence, including issues of equivalence at various levels of language and text; they relate to challenges specific to non-literary and literary translations. At the same time, this course exposes students to various theoretical perspectives on translation in its interactions with culture. Beginning with a broad outline of the scope, history and central issues of TS, this course goes on to discuss various levels of equivalence. It begins with a focus on non-literary translation, and, thereafter, opens up to challenges specific to literary translation. Beginning with a close-up view in order to engage with these ‘building blocks’ of translation, it then goes on to view the process of translation from its place within culture and addresses issues that flow from it. Finally, it brings up some philosophical perspectives on translation. Thus, the course aims to give a comprehensive view of the act of translation and of issues concerning the domain of TS."
LITT323,Jonathan Swift and the Enlightenment,history|literature|philosophy,4,
LITT326,Advanced Creative Writing,literature,4,"Advanced Creative Writing is a twelve-week course in which students expand on the skills they acquired in Introduction to Creative Writing. You will master the elements of fiction via workshops, one-on-one tutorials and multiple rewrites. You will wax eloquent about plot and dialogue (did someone groan at “action beats”?). You will talk craft and lyricism and resolution. You will finesse your voice and form. You will birth compelling characters in well-thought-out settings. You will continue learning the rules of writing and break them with aplomb. This is a painfully intensive course. Be prepared for double the reading and writing you did in Introduction to Creative Writing. At the end of the term you will produce two fully realized short stories, which, the professor realizes, is difficult to accomplish in three months. You, the student, need to realize this, too, and embrace the chaos of real-life publishing. There will be innumerable drafts, redrafts and deadlines. Each draft you produce will be up for your peers’ consumption. You will all work as editors to help make a story the best it can be. Zoom meetings with practitioners of fiction, editors and agents will further your understanding of the publishing world."
LITT330,Adaptation as Translation,literature,4,"This course aims to expand the study of translation to examine adaptation as integral to it. Some theorists (notably Vinay and Darbelnet: 1958) see adaptation as one translation procedure amongst many others; it is seen as a means of attaining ‘situational equivalence’ to deal with issues of cultural transfer that might affect the receiver’s reception or understanding of the text of departure. Whereas, for others (e.g., Gambier: 1992), all translations inevitably involve adaptation, not least because all acts of translation are, simultaneously, acts of rewriting (Lefevere: 1992). In any case, both poles of opinion, in their own ways, underline the importance of adaptation to translation.
Adaptations of literary works to cinema [sometimes described as translation from literary language to cinematic language (e.g., by Cahir: 2006)], offer a fascinating opportunity to study this enmeshed nature of translation and adaptation, and to enrich our understanding of both these crucial procedures of cultural transfer. 
This course will first employ theoretical perspectives to understand processes of translation and adaptation, and to situate them vis-à-vis each-other. As a practical development of this theoretical work, it will then examine the adaptation/translation of works from three literary genres (viz. novel, play and short story) to cinema; by picking up the nuances of cinematic language (montage, mis en scène, camera-pen, auteur-cinema, among others), it will study the translation of the works from words to moving images and sounds."
LITT331,Humour in the Twentieth Century,literature,4,"The course revisits the idea of humour as an artistic, cultural and humane practice and powerful, potential and often radical form of critique across nations, genres, tongues and political climate. The course intentionally mixes up canonical and comparatively unknown texts so that students are able to respond to them both in terms of their own power, as well as their location in cultures from which they emerged

Learning Outcomes:
1. Understanding with various forms of humour.
2. Understanding humour as a historical praxis.
3. Deep engagement with humour as critique of politics, modernity and society .
4. Interrogating the 20th century from the vantage of laughter, satire and insurgent
critique.
5. A wide engagement with works of culture from a variety of contexts.
6. Engaging with a key question of our time: is humour possible in an age of political
correctness."
LITT332,Women's Authorship in Narrative Cinema,literature,4,"The epithet “auteur” in cinema studies is applied to influential filmmakers who incorporate a distinctive aesthetic in their films and stamp their creative work with their unique personality. However, using the concept of the “auteur”, canons of cinema (and culture) often tend towards highlighting the works of “great” male directors, at the cost of ignoring the participation of women in cinema since the inception of film as a cultural form. In this course, we focus on women directors and their contributions to cinematic production in the area of narrative film. We study theoretical perspectives from feminist and queer film theory to engage with how creative work is undertaken by women in patriarchal, capitalist media production industries. We ground selected film texts in their socio-political contexts, situating women’s directorial voices work within feminist, queer, race, and caste movements that advocate for the greater visibility and representation of women’s voices in filmmaking."
LITT335,Editing and Publishing,literature,4,"This is a 12-week course in which students learn the nuances of editing and develop a thorough understanding of the publishing industry. By the end of the term, you will have mastered the intricacies of wielding the red pen by picking out holes in stories, learning to make every word count, and knowing your semi-colons from your commas. You will learn to differentiate between editing a short story and a news story. As expert editors, you will realize that editing is as much a science of exactitude as it’s an art. To write, you will discover, is to edit. The class will be heavy on workshops. You will learn not just to edit but to edit under pressure. You will also learn what it means to be an editor in the age of AI. Editing is a small component of the publishing journey, which is often a long, drawn-out affair. We will become familiar with this somewhat opaque process and understand the complexities of modern-day publishing. We will learn what happens to a book once it is written, the various roles professionals play to get it published, and why a writer needs an agent. We will cover editorial pitches, book design, and marketing and publicity. How does one find work in publishing? What are some new-age responsibilities of writers in an era of literature festivals and shameless self-promotion? How do some books become bestsellers while others fade into irrelevance? We will address all these questions via in-class lectures, seminars and meetings with professionals."
LITT338,Introduction to Travel Writing,literature,4,
LITT342,Shakespeare on Screen,literature,4,"Much of the appeal of William Shakespeare’s seemingly inexhaustible power as a playwright lies in some of the most astonishing adaptations of his plays. This course will discuss how his plays have travelled across culture and medium, regions and most importantly, languages; and how the inherent potency of a Shakespearean play is unlocked in tongues far removed from the original. By bringing together some of his most well- known plays to stand in comparison with some of the most interesting and landmark cinematic adaptations, the course hopes to highlight both older and newer issues that have surfaced in Shakespearean studies over the years: from honour, state, authority, ambition, filial love, jealousy and madness to the more recent explorations of race, culture, sexuality, identity, gender and authorship itself. Also, the course would want to understand the politics and poetics of adaptation, elemental film theory and f ilm form, the language of cinema and how iconic texts perform as visual imagery. The primary focus of the course are four of Shakespeare’s most canonical works: Macbeth, Hamlet, King Lear and Julius Caesar. Having said that, the course will immediately get into challenging the very idea of their canonicity by entering them into a productive encounter with their cinematic adaptations. These adaptations, some of which will be studied closely, not only reinterpret these much revered literary classics, but also tend to push them away from having an ontological centre. To that end, the course is equally a study of how literary texts are both iconised and destabilized by the image."
LITT343,The Body in Medieval and Early Modern Europe,literature,4,"Visceral, often uncontrolled and in states of excess or restraint, the body confounds the imagination, transforming and transmuting as it moves through the world. It consumes and is consumed, and is an infinitely malleable entity. The Medieval and Early Modern periods reimagined the relationship between bodies— political, philosophical, spiritual, social and aesthetic— articulating new possibilities for the ways in which bodies manifested themselves and their own positioning within a larger world; one opened up by trade, travel and encounter. In this course, we will explore different understandings and expressions of the body, embodiment, and corporeal subjectivity in European literature from the 6th through 18th centuries. Designed to be interdisciplinary, the course examines discourses of the body and its relationship to questions of biological, chronological, ontological, and epistemic subjectivity. Scholars including Peter Stallybrass and Stephen Greenblatt, have placed the genesis of modern ideas of embodied subjectivity in the early modern period, while Geraldine Heng, JRR Tolkien, Harold Bloom, and others, have theorized the importance of examining medieval discourses of embodiment as precursors to contemporary understandings of race, gender, disability, monstrosity and more. This course draws together scholarship from across disciplines– history, art history, literary studies, performance studies, disability studies, and critical period studies, to complicate, enrich, and diversify how the body becomes and is a site of interrogation and inquiry in the humanities and humanistic social sciences. The course structure is driven by its primary texts, which will change in every iteration. The current iteration of the course focuses on performance and expressive culture, primarily drawn from the Western European canon. Primary readings include Beowulf, the lais of Marie de France, and theatrical texts by Shakespeare, Corneille, and Moliere."
LITT344,Cinema and the Idea of the Political,literature,4,"This course looks at the critical moments of encounter between two defining intimations of public space — cinema and mass politics — without collapsing the autonomy of cinema as an art, and politics as an hermeneutic of collective self-determination. Cinema’s birth at the summit of industrial modernity is no news, and neither is its capacity for both mass enrichment and manipulation. But there is relentless and often renewed debate about ‘political cinema’ and its ‘uses’, which lead us to the very genesis of the idea of mass culture in the early years of modernity. It must be stated at the very onset that the course looks at ‘narrative cinema’ rather than on documentary, cinéma vérité, or at the visual cultures of Lettrists, Situationists, avant-gardists, surrealists etc., all of whom have done pioneering work in the domain. How did cinema capture the political zeitgeist of the 1920s, 1940s and 1960s? Or even after? On the other hand, how does politics - as a thought and practice - allow for cinematic/spectacular enunciation? Habermas scholar Robert Porter pointedly asks, “Does cinema express or engender political thought? Can we think of cinema, or certain specific cinematic texts, as bodies of political theory?” His is an assertive nod. As an undergraduate course, this one would not set the high ambitions of teaching political theory through cinema. Therefore, the course does not name itself ‘political cinema’. There are, if one could say so, as many political films as there are kinds of politics, but more importantly, unlike other ‘studio-defined’ and ‘market-refined’ genres like ‘horror’, ‘crime’, ‘musical’, and ‘social’, political cinema has remained notoriously undefined (and undefinable). The way Soviet Cinema was ‘political’ is not the way James Bond Cold War spoofs were, nor were the French or Czech New Wave; or say, Satyajit Ray’s political fables made for children. But they are all political in the wide sense of the term. Hence, this course would not like to begin with an apriori idea of ‘political cinema’ but rather inquire if such a conceptual framework emerges through and with the course. To that end, the course would follow in the steps of Walter Benjamin, the Frankfurt School, Third Cinema and its legacies, and postcolonial uses of cinema. Claire Molloy and Yannis Tzioumakis, in The Routledge Companion To Cinema And Politics says that cinema “remains central to the formation and transformation of geopolitical discourses, imagining new geographies and connecting (or separating), in complex ways, the concepts of boundaries and territories with ideas about nation and identity.” At the same time, cinema has often found expressing working class and feminist solidarity as much as it has bored into the pervasive and pernicious nature of political memory, politics as stimulus, and the abiding lust for tyranny in political regimes. These will be some of the lines of argument/reflection in this course."
LITT348,The Lives and Afterlives of Great Books,literature,4,"New course description: ""This course offers a foundation in literary studies, through the medium of great books, and their reception across time. Engaging questions of what constitutes a great book, canonization, intertextuality, and methods for reading, we will study some of the greatest and most influential works of literature in translation, adaptation, and discursive dialogue. This class is reading-intensive, and of particular importance to students in the humanistic disciplines. Each iteration of the course will focus on a single intellectual, literary or performance genealogy, be it through the centering of specific texts, or through specific concepts, genres, or media. In Trimester 1 of the 2026-27 academic year, students will close-read and interrogate the Greco-Roman Homeric intertextual canon, with the Iliad as our core text. All students must purchase physical copies of the required texts for the course, without exception, due to the annotative nature of assignments."
LITT431,Fictions of History,history|literature,4,"This course looks at representations of history in fiction, film and auto/biography. Focussing on texts in English geographically ranging from England to South Africa, India and Australia, and temporally from the eighteenth century to the present day, we will examine the intersections of history and fiction in selected works from around the globe. What are the implications of reading a novel for its historical content or accuracy? How does the memoir or biography negotiate intergenerational histories and ideas of veracity? How do different writers reflect on questions of authorship and audience? How might archival research and films – documentaries, biopics, and adaptations – expand our readings of novels and histories? This is an interdisciplinary seminar which is designed to emphasise a high level of critical thinking and creativity. Students will be encouraged through their worksheets and their ongoing notebook assignment to be fully prepared and to contribute to each session productively, as well as to reflect on connections between each week’s topic. The final assessment is a visual archive essay which will require independent and original research, and which will be workshopped and presented to the seminar group at the end of term."
LITT442,Southern Spaces,history|literature,4,"This interdisciplinary research-led module explores the cartographical South – from e.g., the port cities of Cape Town, Durban, Chennai, Adelaide and Sydney to the islands of Sri Lanka, Zanzibar and Mauritius. These transoceanic southern spaces are also transhemispheric, so what might be the continuities and connections geographically between southern sites on different latitudinal lines? Sri Lankan historian Sujit Sivasundaram’s marvellous monographs, Islanded and Waves Across the South, suggest more navigational and narrative strategies for conceptualising and rethinking what we count as archives, and what we call the ‘South’. Our goal in this module is indeed visual, archival and cartographical, as we travel across novels, maps, photographs and other materials to register coordinates on coastlines and seascapes. The texts also take us into the heart of the country, e.g., to the interior landscapes of Namaqualand, the Karoo, Flinders Ranges, Pulicat Lake, Yala National Park, and the botanical gardens of Kandy, Kirstenbosch and Kew. Examining the legacies of the ‘networks of empire’ that bring many of these sites and texts together historically and geographically, the module is excellent preparation for further interdisciplinary research on South-South mobilities, and asks questions about colonial legacies, ideas of ownership, belonging, cultural identity, and migration. The current variation of this module, first launched at SOAS in 2014, is inspired by a series of events: the travelling exhibition, Scenes from the South that I curated in collaboration with universities and museums (2020; 2022; 2024); the public programme, ‘Speaking from the South’ at the University of Adelaide in 2024 that was inspired by this work; the Cátedra Coetzee Literatures of the South programme from 2015-2018 at UNSAM in Argentina, led by Nobel Prizewinner J. M. Coetzee; and the crucial forerunner of my more recent research, a 1992 University of London conference, ‘Southern Spaces’, from which the module takes its name."
MATH061,Tools for Mathematics and the Sciences: Algebra,computer science|data science|economics|environmental studies|mathematics|physics,1,"This course will expose students to certain basic tools and calculations in algebra. Some of the material may be familiar to those who studied mathematics in high school. Familiarity with the material discussed in this course may be assumed in subsequent courses across various disciplines including mathematics and physics. 
In an article titled ‘The unreasonable effectiveness of mathematics in the natural sciences’, physicist Eugene Wigner wrote “… the enormous usefulness of mathematics in the natural sciences is something bordering on the mysterious and that there is no rational explanation for it”. Mathematics has emerged as the natural language using which the laws governing the working of the universe can be described; it is also a discipline with a rich internal structure explored through powerful frameworks for description and justification. Whether one is studying black holes or neural networks, molecular bonds or climate models, tiling patterns or cryptography, the use of mathematics is unavoidable. A solid foundation of mathematics is therefore an essential part of the skill set required of every student of the natural sciences; a good grasp of basic tools, examples, and calculations is also essential for those planning to study mathematics in greater depth and rigour.
Note: This course does not count as a required or elective course contributing to the graduation requirements in either Mathematics or Physics."
MATH066,Tools for Mathematics and the Sciences: Calculus,computer science|data science|economics|environmental studies|mathematics|physics,2,"This course will expose students to certain basic tools and calculations in calculus. Some of the material may be familiar to those who studied mathematics in high school. Familiarity with the material discussed in this course may be assumed in subsequent courses across various disciplines including mathematics and physics. 
  In an article titled ‘The unreasonable effectiveness of mathematics in the natural sciences’, physicist Eugene Wigner wrote “… the enormous usefulness of mathematics in the natural sciences is something bordering on the mysterious and that there is no rational explanation for it”. Mathematics has emerged as the natural language using which the laws governing the working of the universe can be described; it is also a discipline with a rich internal structure explored through powerful frameworks for description and justification. Whether one is studying black holes or neural networks, molecular bonds or climate models, tiling patterns or cryptography, the use of mathematics is unavoidable. A solid foundation of mathematics is therefore an essential part of the skill set required of every student of the natural sciences; a good grasp of basic tools, examples, and calculations is also essential for those planning to study mathematics in greater depth and rigour. 
  Note: This course does not count as a required or elective course contributing to the graduation requirements in either Mathematics or Physics."
MATH191,Proofs and Ideas: An Introduction to Mathematical Thinking,computer science|mathematics,4,"In this course, we will start to think carefully and rigorously about mathematics, mathematical objects, and the idea of proof. We begin with a discussion of the basic mathematical notions of sets, functions, and relations, and proceed to discuss some fundamental properties of the natural numbers and integers. After this foundational background, we will further develop our ability to read, understand, and write proofs through a short study of select mathematical topics.  After taking this course, students will have been exposed to the idea of mathematical proof and equipped with the basic tools they will need to study further in the discipline."
MATH201,Analysis I,mathematics,4,"The course begins with a rigorous discussion of the real numbers and an investigation of their basic properties. Certain special subsets of real numbers (open, closed, bounded) are introduced and studied. The course culminates in a formal study of the idea of a limit in the context of sequences and infinite series."
MATH202,Analysis 2: Single variable calculus,mathematics,4,"In this course, students will develop an understanding of the foundations of calculus. The course will provide a rigorous introduction to limits, continuity, differentiability, and integration, in the context of real-valued functions of a single real variable. Students will also be exposed to some of the applications of this material in the form of a short introduction to the Gamma function, a function with numerous applications in many branches of mathematics including mathematical physics, number theory, and probability. 
 After completing this course, students will have the ability to prove many of the fundamental theorems of calculus, thus providing a rigorous justification for results they may have seen previously in other circumstances. The material studied here is a fundamental part of any mathematician’s training: it will be used repeatedly throughout the rest of the mathematics major in a variety of courses."
MATH203,Multivariable Calculus,computer science|data science|mathematics,4,"This course is designed to be a concrete introduction to the ideas and methods underlying (differential and integral) calculus of several variables. The emphasis is on examples and computations. The basic techniques from this course are useful in a wide variety of subjects: analysis, probability, (differential) geometry, applied mathematics. This course is designed to be useful for students in both mathematics and areas such as computer science, economics, physics, and data science."
MATH226,Ordinary Differential Equations,mathematics,4,"This course is  an introduction to differential equations from a modern perspective, with a view towards dynamical systems. The course begins with an introduction to the art of modelling real life situations with differential equations: this will help develop an intuition for the subject, and introduce students to the basic ideas behind mathematical modelling. 
The course will then examine the techniques used to solve differential equations, including qualitative, analytical, and computational techniques. In particular, students will be asked to understand the algorithms that lead to numerical solutions, to interpret the resulting pictures produced by the computer, and to relate these images back to the original application."
MATH230,Linear Algebra,mathematics,4,"Linear algebra provides a systematic unified framework to consider the theory of vectors, matrices, determinants, and systems of linear equations. This course will provide a concrete introduction to these ideas."
MATH231,Algebra 1,mathematics,4,"Groups are the mathematical formalisation of symmetry: in this course, students will study their definition and basic properties. In particular, the important notion of a group action will be introduced. Group theory provides an organizing framework for describing the internal symmetries of mathematical objects across many branches of mathematics, while also serving as a useful language for describing many mathematical invariants."
MATH256,Writing in Mathematics and Quantitative Sciences,computer science|data science|mathematics,4,"Writing and communicating mathematical ideas are becoming more and more important to practitioners of Mathematics and mathematically oriented sciences. While Mathematics is concerned with theorems and proofs, disciplines such as Physics, Chemistry, Biology, Computer Science, Economics, and Data Science additionally employ mathematical formalism for modeling and mathematical statistics for data analysis. Writing and communication in these disciplines take the form of research publications as well as writing in public forums in accessible language. This course explores writing and communicating mathematical knowledge in two distinct but related registers: technical and non-technical (specifically, journalistic) writing. The first register discusses how to convey mathematical ideas in the form of proofs, model derivations, and statistical analysis to a technically trained audience, while the second register explores how science journalists disseminate these ideas to a wider readership. In this course, the students will read exemplary pieces of academic and journalistic mathematical writing to derive principles of effective communication and implement the same in their
 own writing."
MATH303,Analysis 3,mathematics,4,"This course builds upon Analysis 1 and Analysis 2 by helping us generalise our understanding of notions like limits and continuity from sequences of real numbers and functions of a single real variable to more sophisticated contexts. The course begins by developing the theory of sequences of functions, and introduces the important notion of uniform convergence: continuity, differentiability, and integrability are studied in this context. This material is then used to better understand the role that polynomials play in spaces of functions and introduce the important idea of a power series."
MATH304,Analysis 4,mathematics,4,
MATH305,Complex Analysis,mathematics,4,"Complex analysis sits at the crossroads between algebra, analysis and topology / geometry and is fundamental and indispensable to much of modern mathematics. This course is envisaged as an introduction to the basic elements of complex analysis for undergraduate students. After the completion of this course, a student should be able to:
 Compute complex exponential, complex logarithm and complex trigonometric functions; and branches, branch points
 Evaluate complex differentiation, understand analytic functions and the Cauchy-Riemann equations;
 Compute contour integration, use Cauchy's theorem for simple paths and simply connected regions, Goursat's theorem, Cauchy's integral formula,
 Understand and work with sequences and series of complex functions, power series, Taylor series, Laurent series, zeros and singularities, meromorphic functions;
 Use Cauchy's residue theorem, counting theorem and Rouche's theorem, and learn some applications of the residue theorem for the evaluation of integrals."
MATH313,Probability,mathematics,4,"Probability is the branch of mathematics that deals with the study of randomness. The study of probability provides a foundation to systematically explore processes in the natural and social worlds around us. In this course students will be introduced to the basics of probability theory including the underlying axioms, conditional probability and independence, random variables, and distributions. The course will also cover proofs of some of the classic results in probability theory, the Weak Law of Large Numbers, and the Markov and Chebyshev inequalities. At the end of this course, students will have an appreciation for using mathematical formalism in exploring randomness, and develop a basic set of tools to rigorously model phenomena with underlying uncertainty."
MATH328,Numerical Methods,computer science|mathematics,4,"This is a course in numerical analysis for mathematics students which means that the algorithms are motivated from mathematical theorems and the convergence analysis of these algorithms converts those theorems into quantitative estimates. For example, Taylor’s theorem serves as motivation for many algorithms for solving algebraic as well as differential equations. Broadly, this course will cover floating point arithmetic and errors they produce, numerical linear algebra, root-finding, polynomial interpolation, numerical integration and differentiation, numerical solutions of ordinary differential equations, and optimization. This course will have a computational component which will involve learning a programming language (Julia) to implement the algorithms of this course.
 
 After this course, you will know a variety of standard numerical algorithms in linear algebra, root-finding, interpolation, integration, ODEs, optimization that are relevant in applications. You will also have learnt how to implement these algorithms on a computer and be wary of errors and artifacts."
MATH332,Algebra 2,mathematics,4,"In this course, students will be introduced to the theory of rings and fields. The language of ring theory and field theory helps describe fundamental relationships between algebra, number theory and geometry and geometry, and provides a unifying framework for describing certain types of number systems and operator spaces.The course will begin with a study of important families of rings such as Euclidean domains, Principal Ideal Domains, and Unique Factorisation Domains. After a brief discussion of polynomial rings over Unique Factorisation Domains, the course will then develop the theory of fields. We will describe how to adjoin roots of polynomials to fields, and introduce the idea of an algebraic field extension. The course will conclude with a discussion on splitting fields."
MATH333,Algebra 3,mathematics,4,"After a recap of material from Linear Algebra (generalised to arbitrary fields), we will introduce quotients of vector spaces and study their properties. The course then covers a spectrum of foundational material: spaces of linear transformations; duality; determinants; minimal and characteristic polynomials; diagonalisability and triangularisability; inner product spaces; spectral theorems; singular value decompositions; bilinear and sesquilinear forms; Jordan normal forms."
MATH341,Topology 1,mathematics,4,"Topology is the study of spaces and sets and can be thought of as an extension of geometry. It involves the examination of the local as well as the global structure of a space or set. The foundation of General Topology (or Point-Set Topology) is set theory. There are other areas of topology including Geometric Topology, Algebraic Topology, Differential Topology, Low-Dimensional Topology, and various others. 
 
 This course provides a bridge between the basic knowledge of metric spaces and the more abstract knowledge of algebraic topology. In this course, we see how metric spaces can be generalized to objects called ‘topological spaces’ and the properties of metric spaces can be formulated in a more general way for these spaces. We will cover topological spaces, open and closed sets, interiors and boundaries of sets, continuous functions, homeomorphisms, connectedness, and compactness.
 After the completion of this course, a student should be able to:
 Define and illustrate the concept of topological spaces and continuous functions,
 Define and illustrate the concept of product topology and quotient topology,
 Prove a selection of theorems concerning topological spaces, continuous functions, product topologies, and quotient topologies,
 Define and illustrate the concepts of the separation axioms and countability axioms,
 Define connectedness and compactness, and prove a selection of related theorems."
MATH342,Graph Theory,computer science|mathematics,4,"Graph Theory is a central area of discrete mathematics concerned with the study of
 graphs—mathematical structures used to model pairwise relations between objects. This
 course provides a rigorous introduction to the fundamental concepts, results, and methods of
 graph theory, together with selected topics from algebraic graph theory and network
 optimization.
 The course begins with the basic definitions and properties of graphs, including paths, cycles,
 trees, connectivity, and degree sequences. It then develops algorithmic techniques for
 spanning trees, shortest paths, and related optimization problems. The second part introduces
 algebraic tools for studying graphs, including adjacency and Laplacian matrices, eigenvalues,
 eigenvectors, and their interpretations in terms of structure and centrality.
 Building on this foundation, the course explores network flows, duality, and the Max-
 Flow/Min-Cut theorem, along with applications to combinatorial optimization. The final
 module addresses advanced topics such as graph coloring, random graphs, and some more
 algebraic graph theory.
 
 By the end of the course, students will have a clear understanding of the theoretical principles
 underlying modern graph theory and will be able to apply mathematical reasoning to analyze
 and solve problems involving discrete structures and networks."
MATH343,Mathematics for Machine Learning,mathematics,4,"This course provides a comprehensive introduction to the mathematical principles that underpin modern machine learning and data science. It is designed to equip students with the essential tools from linear algebra, calculus, probability, and optimization that are fundamental to understanding and developing machine learning algorithms.
  
 The course begins with vector spaces, matrix algebra, and linear transformations, emphasizing their role in representing and manipulating data. Key concepts such as eigenvalues, eigenvectors, orthogonality, and matrix decompositions—including spectral decomposition and singular value decomposition (SVD)—are explored with applications to dimensionality reduction and data approximation.
 
 Building on this foundation, the course introduces core machine learning techniques such as Principal Component Analysis (PCA), Linear Discriminant Analysis (LDA), regression models, and classification methods. Students will also study least squares approximation, model evaluation metrics, and the mathematical structure behind widely used algorithms.
 The course further develops essential tools from calculus, including gradients, Jacobians, and the chain rule, which are crucial for optimization in machine learning. Concepts from convex analysis and numerical optimization, including gradient descent and its variants, are introduced and implemented computationally. A review of probability theory is provided, leading to their applications in statistical learning and classification models such as Support Vector Machines (SVMs). Advanced topics such as duality, Lagrangian methods, and kernel-based classification are also discussed."
MATH344,Geometry of Curves and Surfaces,mathematics,4,"Surfaces are all around us, walls and ceilings of our rooms are planes, bottles are cylinders, the football in the playground is a sphere and the rugby ball is an ellipsoid, the vada we eat is a torus and the ice cream cone is, well, a cone. The shape of these objects will be studied using calculus. The course will begin with the study of curves in plane and in three-dimensional space. The concepts of length, orientation, speed, curvature, and torsion will be introduced and studied. Motivated by the study of curves, several notions of curvatures of a surface, like principal curvatures and Gaussian curvature, will be examined. Intuitively, the way a surface is curved seems to be a property of how it is embedded in space. But Gaussian curvature turns out to be intrinsic, that is, an ant confined to moving on the surface will be able to measure this quantity. This hints at the possibility of the study of shapes of higher dimensional analogues of surfaces."
MATH346,Introductory Fourier analysis,computer science|data science|mathematics|physics,4,"This course is an introduction to the basic notions of Fourier analysis. Three classical topics will be explored: Fourier series, Fourier transforms and the discrete Fourier transform. The basic notions, tools and techniques of Fourier analysis are very important in both pure and applied mathematics (in areas such as signal, image and data processing, etc;) and in physics and computer science. This course is designed to be a gentle, concrete introduction to the subject, with a focus on basic examples and with an eye towards applications. 
 Prerequisites include the basic notions of linear algebra (matrices, vector spaces and linear independence, linear transformations, eigenvalues and vectors and inner product spaces) and single and multivariable calculus.
 It is hoped that this course will be accessible to 3rd year and 4th year students in mathematics, physics, computer science, and data science."
MATH352,Number Theory,mathematics,4,"The course covers the following topics: Notion of Divisibility, Congruences, Chinese 
Remainder Theorem, Quadratic Reciprocity, Quadratic Forms, Arithmetic Functions, 
Mobius Inversion Formula, Solving certain Diophantine Equations, Farey Fractions, 
Rational Approximations and Irrational Numbers, The Geometry of Numbers, 
Continued Fractions and Pell’s Equation, Algebraic Integers in Quadratic Number Fields, 
Partitions and Euler’s Pentagonal Number Theorem. We will also cover Gauss and Jacobi
sums, Cubic and Biquadratic Reciprocity, Zeta function, some topics in elliptic curves."
MATH381,Problem Solving Strategies/Seminar,mathematics,4,"Problem solving activity is an important activity which gives deeper understanding of the theory. Learning theory and solving problems go hand in hand. It gradually enhances the ability of a student to gain deeper understanding of mathematical concepts in different areas and leads the student to the frontiers of research fields. It also helps them to develop skills to write in a logical and comprehensive manner. In the course, problems not only from different international mathematical competitions such as Putnam competition, International Mathematical Competition, International Mathematical Olympiads but also from problem journals such as American Mathematical Monthly and others are used. These are undergraduate competitions as well as plus-two level competitions."
MATH405,Measure theory and integration,mathematics,4,"The theory of measure and integration is an essential prerequisite for further study in areas such as functional analysis, PDE, numerical analysis, ergodic theory, dynamical systems and probability theory. This course shall explore the basic notions of measure theory (using the Lebesgue measure as a basic example) and Lebesgue integration in Euclidean spaces. An outline of the topics are as follows."
MATH414,Statistics,mathematics,4,This introductory course is aimed at providing a theoretical foundation in Statistics intending to build a strong quantitative orientation. The course assumes some basic knowledge of calculus and builds on the probability theory course offered in the earlier term. The course is designed to be mathematical (theoretical) in nature and many results and theorems will be derived and proved. The students are expected to learn and implement them primarily using R. Some of these will be covered through assignments.
MATH427,Partial Differential Equations,mathematics,4,"This is a first course in Partial Differential Equations for Mathematics students interested in Analysis as well as Applied Mathematics as a discipline. After developing some taxonomy of partial differential equations and mathematical prerequisites, the course will be broadly divided into hyperbolic equations on the one hand and elliptic and parabolic equations on the other. While a broad theory will be developed for first order equations; for second order equations, we will focus on the three prototypes, viz., wave, Laplace and heat equations. An attempt will be made to highlight counterexamples since they drive the theory. Those interested in analysis should get a glimpse of how analysis is the bedrock of all PDEs while those interested in applied math should see how Mathematics can be used to explain physical phenomena.
 
 After completing this course, the students should be equipped with the theoretical tools to analyze first order and second order partial differential equations. They should have a good understanding of first order PDEs and the physical models they represent. They should understand well the three prototype equations – wave, Laplace and heat – that underpin and motivate much of the modern theory of PDEs."
MATH434,Algebra 4,mathematics,4,
MATH442,Topology 2,mathematics,4,
MATH602,Topics in Analysis 2,mathematics,4,"Complex analysis sits at the crossroads between algebra, analysis and topology / geometry and is fundamental and indispensable to much of modern mathematics. This course is envisaged as a first level graduate course for graduate students in Complex Analysis. After the completion of this course, a student should be able to understand:

The classical theory of  holomorphic functions such as complex exponential, complex logarithm and complex trigonometric functions; and branches, branch points, Evaluate complex differentiation, analytic functions, power series representation and the Cauchy-Riemann equations. 
Cauchy’s theorem and Cauchy's integral formula, compute contour integration, winding number, use Cauchy's theorem for simple paths and simply connected regions, homotopic version of Cauchy’s theorem and Simple Connectivity, Goursat's theorem, Classification of Singularities, Residue theorem, Argument Principle.
The Maximum Principle, Schwarz Lemma, Phragmen-Lindelof Theorem, Meromorphic Functions, Riemann Mapping Theorem, Weierstrass Factorization Theorem, Runge’s theorem, Mittag-Leffler’s theorem, Picard’s theorem
Harmonic functions, Subharmonic functions, Superharmonic functions, Dirichlet Problem, Green’s functions.
Functions of Several Variables and any material of interest based on the instructor.

Course instructors have a choice to modify the contents of the course depending on the requirement."
MATH603,Topics in Analysis 3,mathematics,4,"This course covers properties of infinite dimensional normed linear spaces and their essential properties such as existence of norm-preserving extensions to maps on linear subspaces, consequences of completeness, weak topologies and compactness theorems. The latter part of the course will focus on concrete function spaces such as L^p spaces and their properties as well as talk about Hilbert spaces and Spectral theorem for compact self-adjoint operators. A suggestion is to run a parallel/subsequent course on Sobolev spaces and modern theory of Partial Differential Equations for interested students to which this course would form a complement."
MATH632,Topics in Algebra 2,mathematics,4,"This is a graduate level course in Algebra covering topics in Ring Theory and Field Theory as desired by the instructor.

The classical theory of  holomorphic functions such as complex exponential, complex logarithm and complex trigonometric functions; and branches, branch points, Evaluate complex differentiation, analytic functions, power series representation and the Cauchy-Riemann equations. 
Cauchy’s theorem and Cauchy's integral formula, compute contour integration, winding number, use Cauchy's theorem for simple paths and simply connected regions, homotopic version of Cauchy’s theorem and Simple Connectivity, Goursat's theorem, Classification of Singularities, Residue theorem, Argument Principle.
The Maximum Principle, Schwarz Lemma, Phragmen-Lindelof Theorem, Meromorphic Functions, Riemann Mapping Theorem, Weierstrass Factorization Theorem, Runge’s theorem, Mittag-Leffler’s theorem, Picard’s theorem
Harmonic functions, Subharmonic functions, Superharmonic functions, Dirichlet Problem, Green’s functions.
Functions of Several Variables and any material of interest based on the instructor.

Course instructors have a choice to modify the contents of the course depending on the requirement."
MATH633,Topics in Algebra 3,mathematics,4,"This is a graduate level course in Algebra covering topics in Homological Algebra, Representation Theory and Group Cohomology as desired by the instructor."
MATH642,Topics in Topology 2,mathematics,4,"This course covers basic Homology and Cohomology Theory. The course will be covering topics which includes  Hatchers’ Topology: Chapters 2,3. Course instructors have a choice to modify the contents of the course depending on the requirement.

The classical theory of  holomorphic functions such as complex exponential, complex logarithm and complex trigonometric functions; and branches, branch points, Evaluate complex differentiation, analytic functions, power series representation and the Cauchy-Riemann equations. 
Cauchy’s theorem and Cauchy's integral formula, compute contour integration, winding number, use Cauchy's theorem for simple paths and simply connected regions, homotopic version of Cauchy’s theorem and Simple Connectivity, Goursat's theorem, Classification of Singularities, Residue theorem, Argument Principle.
The Maximum Principle, Schwarz Lemma, Phragmen-Lindelof Theorem, Meromorphic Functions, Riemann Mapping Theorem, Weierstrass Factorization Theorem, Runge’s theorem, Mittag-Leffler’s theorem, Picard’s theorem
Harmonic functions, Subharmonic functions, Superharmonic functions, Dirichlet Problem, Green’s functions.
Functions of Several Variables and any material of interest based on the instructor.

Course instructors have a choice to modify the contents of the course depending on the requirement."
MATH643,Topics in Topology 3,mathematics,4,"The course covers Hatchers’ Chapter 4 on Homotopy Theory and topics such as Differentiable Manifolds, Vector Bundles, Vector Fields, Flows, Differential Forms, deRham Cohomology, Integration on Manifolds, Stokes Theorem, Notions of Connection, Curvature and Parallel Transport, Riemannian Manifolds, Notion of Geodesic, Poincare Duality using Differential Forms, Gauss-Bonnet Formula, Hopf-Rinow Theorem"
PHIL202,Philosophical Methods/Philosopher’s Toolkit,philosophy,4,
PHIL205,Foundations of Indian Epistemology,philosophy,4,"This course aims to introduce students to the foundational principles of acquiring knowledge in Indian philosophy. Indian epistemology covers the nature of knowledge (jñāna), the means of knowledge (pramāṇa) and the criteria of valid knowledge (pramā). This course deals with two major schools – the Nyāya philosophy and the Buddhist philosophy – which have built the foundation of what is known as Indian epistemology. While briefly introducing major Indian philosophical schools, it will focus on these two and learn about their major texts and thinkers. We will briefly touch upon the points of debate between both the schools.

We will be reading an excerpt (i.e., from statement 34 to 54) of the Tarkasaṅgraha for understanding epistemology of Nyāya. Written by Annambhaṭṭa, this is a concise text which presents the ontology and the epistemology of Nyāya-Vaiśeṣika systems. For understanding Buddhist epistemology, we will be reading the first chapter (direct perception) of the Nyāyabindu. This is a short treatise by Dharmakīrti, one of the most influential philosophers of Buddhist epistemology. Since this is an introductory course, we will only be reading the texts in translation and not their extensive commentaries. This course will familiarize students with the primary texts of Indian epistemology and will give them a glimpse of the significance it holds in the larger philosophical domain. This course also paves the way for studying ontology and metaphysics in Indian philosophy."
PHIL206,"Self, State and Society: Philosophical Perspectives",philosophy,4,"There is an intricate dialectical relation between the concepts of self, state and society, and these relations are negotiated in every age, differently. It is important to understand these relations, as they provide us with the rationale for our understanding of ourselves, and our place in the social and political domains. These relations also determine the possibilities and limits of our own agency and actions vis-à-vis others. This course will introduce some of the fundamental philosophical presuppositions that allow this negotiation to take place in the modern age. The course is divided into three modules that discuss the constitution of the self, the state, and the social, in the contemporary modern western age. The objective of this discussion is to not only present a philosophical analysis of these concepts but to also open them up for critique and alternative readings, either from the classical tradition or in some cases contemporary
perspectives. The course is not intended to be comprehensive in its approach to the readings presented, but rather the focus is to have an in-depth engagement with the philosophical
presuppositions of the perspectives presented. Some of the fundamental issues taken up would be: How is the notion of the self, constituted and what relation does it bear to the understanding of the modern age, and the state? What are the fundamental presuppositions that characterise the foundations of the modern state? What are some of the theoretical alternatives to this understanding of the state? What is the role of the social, as presented through the institution of the family, in this matrix? What is the relation that the family bears to the state, and the self?"
PHIL208,Concepts in Aesthetics I,arts|literature|philosophy,4,"Aesthetics is an integral philosophical enquiry which is deeply concerned with our experience of the world and our perception of it. This course will introduce the students to basic concepts in aesthetics and with a focus on the various kinds of aesthetic practices and their entanglement with socio-political, geographical, historical contexts as well as the larger philosophical debates around aesthetics. Concepts of sense perception, beauty, taste, judgment and poetics will be discussed based on core readings including Aristotle, Abhinavagupta, Kant, Bourdieu, Kumaraswamy, and others. A foundational understanding of aesthetics gives students a philosophical grounding in approaching any form of literature and art with the relevant vocabulary and conceptual frame of reference. This will enable students to pursue their interests in engaging with the arts in any way forward - through theory or practice."
PHIL230,Vedānta,philosophy,4,"This course provides an introduction to Vedānta, one of the major schools of Indian philosophy. It explores the key concepts of Vedānta as discussed in the three sources (prasthānatrayī) i.e., Upanishads, Bhagavadgītā and Brahmasūtra. It begins with exploring the fundamental concepts of Brahman, ātman, māyā, jagat and jīvanmukti in these three source texts. Vedānta philosophy employs a number of approaches to unfold the identity between the individual and consciousness (the self). We will discuss some of the important approaches, such as, the cause-effect, the three states, the five sheaths and the seer-seen approach in detail. Through these, we gain a deeper understanding of Vedāntic thought. Moving forward, the course discusses the sub-schools of Vedānta. While the non-dual (advaita) Vedanta of Śankarācārya has become synonymous with the whole Vedānta philosophy, we study it in contrast with two other schools, dual (dvaita) Vedanta of Madhvācārya and qualified non-dual (viśiṣṭādvaita) Vedānta of Rāmānujācārya. The idea is to understand that while relying on the same source text, the variety of interpretation and analysis gives rise to a new philosophy within a system. The course gives an insight into the significance of Vedānta within the larger framework of Indian philosophical thought."
PHIL231,Reason and Experience and the Foundations of Modern Western Epistemology,philosophy,4,"This course will take up a discussion on the epistemological views of Gottfried Wilhelm Leibniz, David Hume, and Immanuel Kant. These are three canonical thinkers in the Modern Western tradition, whose writings discuss the relations between reason and experience, which is fundamental to understanding modern western epistemological thought. The objective of the course is to take the students through a discussion of the primary texts (i) in order to locate the dominant trends in modern western thought through their writings, and (ii) to do a close reading of the texts, and see how, they as independent thinkers, challenge or conform to the dominant trends. The course restricts itself to reading Leibniz, Hume and Kant as these thinkers are typically characterised as a rationalist thinker, an empiricist thinker, and as someone who brings together rationalism and empiricism, respectively."
PHIL240,Logic in Philosophy,philosophy,4,"How do we reason about reason? Are there underlying principles that can connect reasoning about philosophical abstractions, legal and politics argument, analysis of texts, scientific and social scientific theorisations, solving puzzles and writing mathematical proofs? Can we make precise what we mean by reason or codify what we mean by a reasonable argument? How have philosophers lent meaning to make sense of the human quest to discover the laws of reason?

This course attempts to trace the long standing intellectual project of identifying the laws of deductive reasoning. We begin with historical attempts and philosophical underpinnings underlying these attempts, before diving deep into contemporary formal frameworks that fall under the aegis of logic.

In the process, we use precise formulations of deductive reasoning using symbolic abstractions which enables us to answer the following questions:

How do we ensure that a set of sentences are mutually consistent?
How do we make sense of paradoxes?
How do we ensure that deductive arguments are logically sound?
What can and cannot be deduced from a given collection of statements?
How do we reason precisely when confronted with ambiguities such as knowledge or lack of it, and belief and contingency?

We further extend our set of questions to attempt to answer the following questions about the method of reasoning itself:

What kind of statements are amenable to formal deductive reasoning?
What is the nature of the relationship between reasoning and language?
How do we reason within a given formal reasoning system as well as about a given formal reasoning system?

The course intends to provide access to ideas and contemporary vocabulary which will enable to deploy logic as a means to reason within philosophy, as well as enable pursuit logic and philosophy of logic as philosophical disciplines. Further it will bring alive challenges which makes the process of sound reasoning difficult even for sophisticated Artificial Intelligence tools today."
PHIL303,Justice as a Virtue in Classical Philosophy,philosophy|political science,4,"The virtue of justice has not been given a ‘just’ treatment in contemporary virtue ethics. Due to vagueness in its scope, justice as a personal virtue has often been sidelined since the aretaic turn in the 20th century. Restricting its scope to socio-political dimensions, contemporary discourses on the virtue of justice often miss the origin, nature and function of justice in individual persons. Elizabeth Anscombe rightly says: “One of the most important insights of modern times…[is] that injustice may be nobody’s fault, and that what is required is good [socio-political] arrangement” (“Does Oxford Moral Philosophy Corrupt Youth?”, 1957). This course aims at bridging this existing gap between the socio-political and the personal dimensions of the virtue of justice. What better way to do this than by looking at the holistic approaches to justice in classical philosophy? The course will explore the notion of justice both as a moral virtue and as a political virtue through the selected works of Socrates, Plato, and Aristotle. It will begin by examining Socrates’ call for justice in Apology and then his refusal to ‘unjustly’ break his agreement with the city laws in Crito. The course will then shift its focus to Plato’s treatment of the ethical and political dimensions of justice in his Republic. This will involve discussions on Plato’s account of a just city (kallipolis), its analogy with human soul, justice & happiness, family, political regimes, role of women, philosophers & artists in society, and education. After an extensive discussion on Plato, the course will move on to discuss Aristotle’s account of justice using his Nicomachean Ethics and Politics. It will first explore his idea of justice as a virtue of character through themes like general & particular justice, justice & virtue, justice in friendships, equity, and voluntariness in just actions. Students will then be introduced to Aristotle’s account of political justice through his notions of political animal, city-state, its structure & goals, good citizens & their virtues, and ideal constitutions. The course will conclude by highlighting the relevance of the classical treatment of justice as a moral-political virtue in contemporary times."
PHIL305,Morality and Its Rationality: Aristotle & Kant,philosophy,4,"An age-old moral fable places Hercules at the challenging crossroads of choices: the easy life of pleasure and the hard life of virtue. Aristotle and Kant, two distinguished philosophers from distinct time-periods, unanimously claim that the hard life of virtue alone is a worthy life. Both justify virtuous living by tracing its necessary roots back to the central core of human nature – our rationality. Yet, as has been long supposed, the disagreements between their ethical positions are conspicuously loud: Aristotle favors happiness as the highest end of virtue, while Kant considers virtue to involve duty unadulterated by happiness; Kant favors a life of action towards a human world under moral laws, while Aristotle glorifies the life of contemplation as an ideal life of an individual. Whose position is valid and tenable? How do we account for the differences in their rationalist accounts of goodness? This course aims at a critical and comparative exploration of the moral theories proposed by Aristotle and Kant. It will begin with an introduction to the broader themes and trends in the history of moral philosophy to locate Aristotle and Kant in their respective contexts. It will discuss the metaethical underpinnings of their respective moral theories: Aristotle founds his eudaimonian virtue ethics on his commitments to a purpose-driven natural world (in Physics) and to the psychology of human soul (in De Anima). Kant on the other hand derives his deontological ethics from a critique of the faculty of reason, and by grounding our morality in the idea of freedom (in the first Critique and Groundwork III). The central focus of the course will be to address the dialectic of Aristotelian ‘happiness’ and Kantian ‘duty’ through an exploration of their respective ethical theories. Students will be introduced to the central themes of Aristotle’s Nicomachean Ethics and Eudemian Ethics including the notions of virtue (aretē), happiness (eudaimonia) and practical wisdom (phronēsis). They will also be introduced to Kant’s formulations of the moral law and the taxonomy of moral duties through selections from his Groundwork and Metaphysics of Morals. The course will also highlight the significance of Aristotle’s and Kant’s moral theories to enable students to reflect on the relevance of their ideas in today’s world."
PHIL312,Freedom,history|philosophy|political science,4,"What does freedom mean? How does it go beyond the lay definition that it lies in the ability to act and speak without constraint? What are the implications of parsing this concept at the individual level or examining it in a relational or collective way? Philosophically, the concept of freedom plays out in the domain of metaphysics and ethics, with theories ranging from the libertarian, the compatibilist, and the deterministic. These transcendental ideas have had a subtle but definite impact on our constitutional guarantees for free speech on the one hand, and the restrictions placed on them on others. What implications does the information we have about inner processes have for the issue of agency? What are
the grounds, if any, for coercing opinion and behaviour through pressure? What is the space for freedom of religion in a secular state? What is the distinction between positive and negative liberty and how are these related to notions of libertarianism, collectivism, autonomy and free will? Finally, where is freedom situated in discussions on fairness and justice and what are alternative notions of freedom, for example, as a form of self-realisation or as a model for non-domination. This inter-disciplinary course touches on philosophy, constitutional law, political theory, ethics, jurisprudence and media law."
PHIL333,Practical Reason and Moral Emotion: Early Modern Moral Philosophy,philosophy,4,"The views of Hume and Kant on morality are arguably the two most significant approaches to
moral philosophy during the early modern period. As Thomas Nagel rightly puts it, contemporary moral philosophy “continues to be dominated by the disagreement[s] between [the ethical views of] these two giants” (Nagel, “The Taste of Being Moral”, 2012). It is a well- known fact that Kant initially subscribed to the moral sentimentalist tradition that Hume belonged to, before breaking away as a hardcore moral rationalist. The nature of this decisive break is the starting point between many contrasting perspectives within contemporary meta-ethics and moral psychology –  emotivism/cognitivism, moral sense/intuitionism, Humean motivation/Kantian motivation etc. There is therefore a need to backtrack and read Hume’s and Kant’s original contributions to moral philosophy. Through selected primary source readings, the course aims to provide an overview of the central tenets of Hume’s and Kant’s moral philosophy. The course will begin with a useful background on the broader themes in early modern moral philosophy. Students will be then be introduced to Hume’s psychology of action via readings from the first two books of his Treatise. Then, the focus will shift to the core of Hume’s moral philosophy – his anti-rationalism and sentimentalism – that he develops in the third book of the Treatise and in some sections of his second Enquiry. After discussions on Hume’s moral theory, the course will shift its direction towards the rationalist account of morality that Kant propounded as a reaction to the moral sentimentalist tradition. Students will closely engage with Kant’s Groundwork for a deep understanding of the central themes of Kant’s moral theory - practical reason, categorical imperative, autonomy, duty, good will and dignity. Elements of Kant’s moral psychology such as moral motivation, moral incentive, choice and responsibility will also be explored through readings from his second Critique. The course will conclude by highlighting the significance of Hume’s and Kant’s moral theories to
contemporary moral philosophy."
PHIL334,Close Encounters!: Philosophical Approaches to Science Fiction and Fantasy,literature|philosophy,4," Can science fiction and fantasy suggest questions of a philosophical kind? Do they provoke
philosophical thinking?
 Can they help us imagine our own lived experiences and realities differently?
 Is science fiction and fantasy of any use at all in helping us understand otherwise difficult
philosophical concepts, problems, and theses?
In this course, we will examine an interesting array of philosophical topics seen through equally interesting science fiction and fantasy (SFF) in their different transmedial avatars. Beginning with fiction that challenges our everyday understanding of language and communication, we will
proceed to discuss texts that touch upon our ethical responsibility toward others, on the philosophy of race and gender, as well as on post- and transhumanism. We will learn about the concepts of possible and impossible worlds and see for ourselves whether they apply to imaginary, fictional worlds. We will also experience how SFF narratives confound us with their treatments of time travel. Confronting the (in)famous paradox of fiction, we will conclude this course by reflecting upon our own experiences of believing what we know about SFF."
PHIL335,Introduction to Philosophy of Technology,philosophy,4,"Human evolution is tied to the question of technological evolution, or perhaps vice versa. In either scenario questions of – what is technology? How does technological design structure the world around us? What are the requirements of adapting to the demands of technological change? What are the larger socio-political and ethical implications of technological change? All these questions need to be situated as part of a discussion on the philosophy of technology. The course seeks to introduce the students to some of the seminal thinkers and their positions in this respect and engage them in fundamental ontological queries regarding technology."
PHIL337,Concepts in Aesthetics II,arts|literature|philosophy,4,"In this course, modern and contemporary aesthetic theories will be discussed in the context of the development of artistic discourse. Contemporary philosophers like Jacques Ranciere, Jean Luc Nancy, Geeta Kapur, Griselda Pollock, Boris Groys, Asta and others offer varied pushes and pulls to the landscape of aesthetic discourses in the arts be it through philosophical, feminist and socio-political perspectives as well as through the critique of the very field of aesthetics from the informed by various social categories. These perspectives will be engaged with alongside select works from contemporary practitioners of art. These aesthetic cultures will be discussed both from their theoretical groundwork and practical groundwork within the context of artistic practice."
PHIL339,Pre-Socratics and the Socratics - History of Philosophy,philosophy,4,"This course will introduce students to thinkers who collectively formed the philosophical tradition of the ancient Greece. It will first familiarize students to the philosophical thoughts of
the pre-Socratic thinkers like Thales, Pythagoras, Parmenides, Heraclitus and Democritus. Then, the focus of the course will shift to Socrates, and the two major Socratic philosophers – Plato and Aristotle. Students will be introduced to the ethical and metaphysical concerns of these three thinkers through the selected works of Plato and Aristotle. Philosophical themes including moral virtues (like justice, wisdom, piety etc.), good, beauty, happiness, death, God and soul will be explored in these classes. Taking a historical approach, the course will enable students to systematically and critically reflect on specific philosophical issues that were relevant to the ancient Greeks."
PHIL341,Philosophy of the Image,arts|philosophy,4,"The ‘Image’ is a powerful concept that fuels foundational discourses in philosophy of art. The phenomenologists were captivated by the image and what it could tell us. From the practices of creating death masks, to painting, to capturing, to making images move, to projecting images still and moving, the fascination with alterity underlines much of the aesthetics of modernity. In this course, we shall particularly focus on three European philosophers who have extensively theorized on the image – Jacques Ranciere, Gilles Deleuze and Villem Flusser with minor detours into the phenomenological ruminations by Sartre and Husserl. The course will be reading intensive and will engage with works of art in conversation with the readings prescribed."
PHIL342,Curatorial Frameworks: Theory and Praxis,arts|philosophy,4,"In this course, we shall study the emerging interdisciplinary field of the Curatorial as an expanded theoretical discipline that is pertinent to not just the Arts, but also Humanities and Social Sciences. Developed into a full-fledged discipline in the past two decades globally, the ambiguity around the term often evades its complete understanding. Understanding curation outside of its museological origins theoretically opens up radical philosophical windows into understanding constructs of knowledge and experience. In this course, students will study the various frameworks offered by the curatorial mode, explore the ways in which the practice impacts its fields and its objects. They will grasp some basic tools that will help them in their practices in the future which may be as diverse as that of managers, mediators, interlocutors, dj’s, walkers, care-givers or just simply - becoming allies. Founded in the concepts of care - ‘curare’ – the frameworks provided by contemporary curatorial methods enable curious epistemological and metaphysical transformations and are critical to understand the creative acts."
PHYS110,Physics Exploration – An experimental approach,physics,2,"Physics is fundamental to our comprehension of nature in all its dimensions.  But that does not make the discipline scary and dry.  In fact, it is fun to discern some of its principles from simple experiments.  This course attempts to provide demonstration-based reasoning to learn physics.  In particular, we will demonstrate experimentally, discuss and understand concepts such as inertia and mass, friction,  energy and its conservation, momentum and its conservation,  electric charge and field, conduction of electricity, magnetism, waves and related phenomena.  Each class will be devoted to performing an experiment,  observation and synthesis of the apt law of nature and a quantitative discussion.  This is a 2-credit course and there will be at least ten demonstrations."
PHYS201,Mathematical Methods I,chemistry|physics,4,"This course will equip students with the essential mathematical tools and techniques required for advanced studies and research in chemistry and physics. Students will learn topics like linear algebra, differential equations, calculus, and complex numbers"
PHYS202,Mathematical Methods II,economics|physics,4,"Mathematics has been the language to express the laws of physics. Students doing physics must be trained in mathematics. Almost every branch of mathematics has been found useful to physicists. This course builds on the foundations laid in Mathematical Methods I. In these courses, ideas from linear algebra, multivariable calculus, complex numbers, ordinary differential equations, partial differential equations and probability are discussed. It is not the purpose of this course to take the theorem-proof route which is of importance to mathematicians. Rather, it aims to cultivate a sense of thinking that has precision and rigour which are essential to physics, and a bent of mind to understand mathematical texts. Completing the two courses on mathematical methods will further equip students to access mathematical biology, econometrics, econophysics, data science and mathematical modelling."
PHYS211,Electronics I,computer science|physics,2,"One cannot imagine the modern world without the impact of electrical and electronic devices. This course will start with a discussion of the basics of electrical circuits, both static and transient. The main course content is centered around the theory of electronic devices based on semiconductors, such as P-N junction diodes and transistors. A study of these basic devices and their applications gives us the necessary background to design advanced circuits. Finally, the course will introduce the basics of digital electronics, covering Boolean algebra and logic gates."
PHYS212,Qubit Mechanics,physics,2,"Quantum theory is changing information processing in fundamental ways. At the root of this revolutionary change are superstition, entanglement and exponentially large size of the state space of multipartite quantum systems. These features are nonexistent in classical systems, and therefore, (classical) mechanical models of computation such Turing or Post machines have limitations. Quantum Information Processing (QIP) offers computational advantages and exponential speed up. The most fundamental element needed to harness these advantages is a
quantum bit (qubit, in short) array. In this course, we introduce quantum theoretic notions using
qubit as a protype quantum system. This allows us to quickly acquire enough skills to explore the
theory and its ramifications that form the basis of QIP"
PHYS216,Computational Methods,computer science|physics,2,"Analytical methods are often inadequate to deal with real systems, whether in physics or economics or any data-driven field. The alternate route is to carry out numerical computations. In recent times, this has become an important tool to be learned by any budding physicist. Learning this early enables one to go beyond idealised problems. It gives them the freedom to take up more challenging problems. Needless to say, numerical solutions will motivate us to seek analytical solutions, at least in an approximate sense. The course will focus on numerical techniques to handle linear systems, ordinary differential equations, etc."
PHYS221,Classical Physics: Energy and Force I,physics,2,"Dynamics is the study of the response of objects to applied forces. Motion has been a subject of philosophical investigations since the time of Aristotle. It took a very long time before its foundations were laid during the 18th century. In the process, the subject of calculus was formulated as the then existing mathematical framework was inadequate to succinctly express the empirical observations. Newton, who finally formalized the required notions to describe dynamics, encoded the known observations in three laws that bear his name. Two major themes that underlie the conceptual framework of dynamics are force and energy. Later developments proved Newton’s laws to be inaccurate at high speeds and small distances. How approximate are they? Landing on Mars at any specified location still relies on the predictions made using these laws. For many of our endeavours in science and engineering, these laws are fantastically accurate. An understanding of dynamics is essential to pursue any of the specialized topics in physics. Classical dynamics is possibly the beginning of both physics and mathematical analysis. Nevertheless, it continues to inspire new ideas in both subjects."
PHYS222,Classical Physics: Energy and Force II,physics,2,"We explore the applications of the laws of classical mechanics to a variety of dynamical systems, such as the motion of fluids (which allows for the flight of airplanes), the orbits of planets and other celestial bodies under the influence of gravity, and the movement of bodies in non-inertial frames (such as winds and ocean currents on the rotating earth). These form the basis for more advanced fields such as astronomy and climate science. Deeper questions about motion in inertial and non-inertial frames lead naturally to Einstein’s general theory of relativity.We explore the applications of the laws of classical mechanics to a variety of dynamical systems, such as the motion of fluids (which allows for the flight of airplanes), the orbits of planets and other celestial bodies under the influence of gravity, and the movement of bodies in non-inertial frames (such as winds and ocean currents on the rotating earth). These form the basis for more advanced fields such as astronomy and climate science. Deeper questions about motion in inertial and non-inertial frames lead naturally to Einstein’s general theory of relativity."
PHYS223,Classical Physics: Spacetime,physics,2,"Newton’s formulation of dynamics assumes the existence of a frame of reference and time that are absolute. This assumption summarizes our sensory perception of the world. Also, physicists believed that a suitable medium is essential for waves to travel. To accommodate the electromagnetic waves in this scheme, a medium called ether was proposed. Its sole purpose was to support the electromagnetic waves. To prove its existence, Michelson and Morley carried out an ingenious experiment to measure any change in the speed of light if the earth dragged the ether along. The experiment did not confirm any change in speed. Attempts to reconcile this result with the then-existing physics framework were unsatisfactory. Einstein, from a theoretical perspective, announced his reformulation of the basic structure of physics in the year 1905. This course is about telling this story in detail."
PHYS224,Classical Physics: Fields I,physics,2,"In the 18th and 19th centuries, the work of Faraday, Oersted and others showed that the forces of electricity and magnetism can be explained by postulating the existence of a ‘field’ that pervades through space. This field concept allows us to formulate a combined theory of electricity and magnetism called electromagnetism. We will discuss the laws of Coulomb and Gauss in electrostatics and Biot-Savart’s law of magnetism. The properties of these fields in a medium allow us to understand polarization and magnetization of materials. On the theoretical side, these concepts lay the foundation for the first major ‘unification’ of forces in the history of physics – modern theory of electromagnetism."
PHYS225,Classical Physics: Fields II,physics,2,"The properties of electric and magnetic fields in material media allow us to understand polarization and magnetization of materials. These have tremendous applications in the form of microwaves and electromagnets, and are useful in explaining various chemical phenomena. On the theoretical side, the work of Faraday, Maxwell and others laid the foundation for the first major ‘unification’ of forces in the history of physics – the modern theory of electromagnetism. The behaviour of electromagnetic radiation (light) emerges naturally from this theory, giving us the laws of classical optics. The fundamental incompatibility of electromagnetic theory with Newton’s mechanics was what led Einstein to his special theory of relativity."
PHYS226,Oscillations and Waves,physics,2,"Physics describes nature using particles and waves as basic entities. Newton&#39;s laws
 of motion govern the dynamics of particles. Sound, ripples on water, etc. are
 undulations of the medium in which they propagate. These waves arise due to
 interactions among the particles of the medium. Equations governing them are
 derivable from the laws of dynamics of particles. But electromagnetic waves do not
 require a medium for their propagation. Despite such fundamental differences,
 these waves are describable by the same mathematical structure. Physics students
 need a good grasp of these ideas since the concept of waves appears in many
 contexts such as the wavefunctions in quantum theory, the phonon modes in
 condensed matter, etc. This course presents the relevant physics and the
 mathematical details required to understand the subject."
PHYS227,Optics I,physics,2,"Light, being the medium of most observations and measurements, is our window to the physical universe. In this course, we study geometrical optics, where light is described by rays. This deals with basic components like lenses, mirrors and prisms, from which instruments like telescopes and microscopes are built. In addition, we study the wave properties of light at an introductory level. It includes phenomena such as light interference that accounts for the colours on soap bubbles and has applications ranging from quantum studies to gravitational wave detection. We will also study polarization, which is of importance in photography. In addition, we will discuss diffraction, which is used extensively to study the crystal structure of solids."
PHYS228,Mechanical Properties of Matter,physics,2,"This course discusses some inherent properties of matter such as surface tension, viscosity, fluid dynamics, elasticity, and various elastic constants. It also discusses the variation of these properties with temperature, pressure, and shape.  The basic understanding of these topics is helpful for our day-to-day life as well. The knowledge about the above-mentioned topics can bring openings for research in nonlinear dynamics, soil research, and many interdisciplinary engineering domains, especially if somebody wishes to move into the career path of engineering physics such as civil engineering, fluid engineering, etc. Apart from this, a general knowledge about fluids, beams is helpful in many day to day events of life as well, such as why milk spills easily in a carrying container but not oil. In a nutshell, the students studying this elective course can benefit from having more career paths in the future."
PHYS231,Quantum Physics 1,physics,4,"Physics is an empirical science. Its conceptual framework is revised to accommodate new empirical evidence from experiments. One of the earliest indications for the need to relook at classical physics was the blackbody emission spectrum. The experimental results were at variance with the prediction of classical physics. Max Planck proposed quantized exchanges of energy between the walls of the blackbody and the radiation within. This resolved the discrepancy between the theoretical predictions and the experimental observations. Einstein proposed quantized energy for the radiation field to explain the photoelectric effect. Bohr proposed non-radiating orbits for electrons to account for the stability of atoms and quantized angular momentum to explain their emissions spectra. All these ad hoc procedures found natural explanations in the quantum theory formulated by Heisenberg and Schrodinger. Their ideas were refined and put on firm scientific footing by Dirac, Pauli, Born, von Neumann, Jordan and others."
PHYS236,Energy and Entropy,physics,4,"Einstein said, “Thermodynamics is the only physical theory of universal content concerning which I am convinced that, within the framework of the applicability of its basic concepts, it will never be overthrown.” That argument is enough to motivate learning thermodynamics. Empirical information gathered over centuries has been consolidated in a few statements called the laws of thermodynamics. In that sense, this subject is also one of the earliest theoretical formulations. Thermodynamics, in particular its nonequilibrium extension, is very important in biological sciences, environmental sciences, climatology and energy studies, to name a few. Entropy, one of the enigmatic notions in physics, was originally formulated by Clausius in the context of heat engines, the objects of study in this subject. A microscopic understanding of thermodynamics is sought in statistical physics. The contributions of greats like Boltzmann and Gibbs still form the foundation of the subject while Jayne’s approach based on information theory is equally important. A brief introduction to these aspects is provided towards the end of the course. Why should one learn this subject? Extension to nonequilibrium systems is still an incomplete program. Of course, significant contributions in recent times include Jarzynsky-Crooks work fluctuation theorems, non-extensive thermodynamics and quantum thermodynamics. The subject is well and alive with unanswered questions."
PHYS251,Physics of Computation,physics,2,"Computation is processing of information. We strive for faster and energy efficient
 computation. Are there limits? Processing is carried out by physical objects obeying laws of
 physics. This informs us about possible fundamental limitations to computing. Creation of
 information costs energy. What is surprising is it cost as much energy to delete information. 
 One approach to minimize this energy cost is to do reversible computations. The conceptual
 framework to understand this is thermodynamics. Quantum theory adds further possibilities. 
 In this course, these ideas will be presented at a level accessible to undergraduates. This course
 relies more on research articles than books as the subject is still developing. An exposure to
 these ideas may help students contribute to the subject."
PHYS253,Nuclear Energy,chemistry|environmental studies|physics,4,"Basics Nuclear Physics, Structure of Nucleus, Radioactivity, Induced Radioactivity, Chain
 reaction, Reactors, Types, Nuclear Energy program, Nuclear Bomb,"
PHYS281,Introduction to Astronomy & Astrophysics,physics,4,"Plato said, “Are you unaware that the true astronomer must be a person of great wisdom?”
 Twenty-four centuries later, our understanding of the universe is vastly better but still
 incomplete. This course on introductory astronomy and astrophysics will introduce
 students to the basic ideas and vocabulary of modern astronomy. The course will discuss
 observational methods of astronomy while giving students a chance to engage in taking
 quantitative data in practical sessions. This course acts as a gateway to the other two
 courses in the Astronomy track which will cover astronomical bodies, phenomena, and
 the overall structure of the universe."
PHYS301,Statistical Physics,physics,4,
PHYS302,Statistical mechanics,physics,4,"Newtonian mechanics is deterministic and applies to a system
 with many degrees of freedom. However, propagating a typical initial condition of the
 many-body system as per the Newtonian dynamical laws is fraught with difficulties,
 both conceptual and analytical. Luckily, if we are interested in a class of macroscopic
 properties which correspond to a myriad of microscopic states of the system, one can
 profitably employ the language of probabilities. Statistical physics of systems
 thermodynamic equilibrium is such a description. A major success of statistical physics
 is it provides a dynamical origin to the laws of thermodynamics, though for a restricted
 class of systems called ergodic systems. The theory, nevertheless, is applicable to all
 systems, microscopic and macroscopic systems included. This course is an introduction
 to some of the research questions in statistical physics. Specifically, the course deals
 with order theorems, critical phenomena and scaling theory."
PHYS303,Mathematical methods III,physics,4,"Mathematics has been the language to express the laws of physics. Students doing physics must be trained in mathematics. Almost every branch of mathematics has been found useful to physicists. This course builds on the foundations laid in Mathematical Methods I and II. In these courses, ideas like tensors, complex analysis, integral transforms, and some special functions are discussed. It is not the purpose of this course to take the theorem-proof route which is of importance to mathematicians. Rather, it aims to cultivate a sense of thinking that has precision and rigour which are essential to physics, and a bent of mind to understand mathematical texts. Completing this will equip students to solve advanced problems in physics and other quantitative fields."
PHYS311,Electronics II,physics,2,"Following from the Electronics course, this elective will discuss the applications of diodes, transistors and integrated circuits like op amps in designing advanced circuits. These have applications not only in the electronics industry but also in measurement and control systems across all fields. Signal amplifiers, analog-to-digital converters, buffer stages, waveform generators and oscillator circuits are some of the circuits that can be constructed. Finally, the course will discuss some digital integrated circuits and their applications which are at the heart of the computer revolution"
PHYS327,Optics II,physics,2,"In this course, we study the wave properties of light such as interference, polarization, and diffraction in more depth. It includes the study of interferometry methods, working principles of diffraction gratings, lasers and holography. Much of it finds applications in photonics, a technology based on the utilization of light radiation. Through the lab, one will find the correlation between theory and practice and learn how to derive theories from experimental approaches within a laboratory environment."
PHYS331,Quantum Physics II,physics,4,"Physics is an empirical science. Its conceptual framework is revised to accommodate new empirical evidence from experiments. One of the earliest indications for the need to relook at classical physics was the blackbody emission spectrum. The experimental results were at variance with the prediction of classical physics. Max Planck proposed quantized exchanges of energy between the walls of the blackbody and the radiation within. This resolved the discrepancy between the theoretical predictions and the experimental observations. Einstein proposed quantized energy for the radiation field to explain the photoelectric effect. Bohr proposed non-radiating orbits for electrons to account for the stability of atoms and quantized angular momentum to explain their emissions spectra. All these ad hoc procedures found natural explanations in the quantum theory formulated by Heisenberg and Schrodinger. Their ideas were refined and put on firm scientific footing by Dirac, Pauli, Born, von Neumann, Jordan and others."
PHYS341,States of Matter,physics,4,"Matter is in the realm of our direct experience. Matter exists in different forms. Most common forms are solid, liquid and gas. Other forms of matter could be defined as well. But even among the solids, we encounter variety. Some solids are fragile while others are strong. Many solids expand on heating while some shrink, some liquids flow easily while others are sticky, and so on. Also, matter changes from one state to another on altering external parameters such as the temperature, pressure, electric field, etc. There is an obvious need to go beyond cataloguing these properties. Seeking to understand the basis for this vast variety of properties should be interesting, and could lead to innovations. For instance, the origins for revolution in information technology can be traced back to the availability of semiconductor transistors. This course introduces matter and its forms using the conceptual framework of physics."
PHYS345,Subatomic Physics,physics,4,"The discovery of radioactivity opened up a whole new realm of physics beyond the classical gravitational and electromagnetic interactions. The properties and structure of the nucleus within an atom, and the forces that bind their constituent protons and neutrons together will be discussed in this course. Using the basic tools of quantum mechanics and special relativity, one can understand the phenomena of alpha, beta and gamma decay, and radioactive transmutations. Even more fundamental than protons and neutrons are the elementary particles -- quarks, leptons and the bosons that mediate interactions between them. Their description as given by the Standard Model of particle physics will be introduced. Finally, the course will discuss detectors and experimental techniques relevant for nuclear and particle physics."
PHYS350,Introduction to General Relativity,physics,4,"Gravity was the first of the fundamental forces of nature to be modelled mathematically. Newton’s law of gravitation was our best theory of gravity for over two centuries, and is used even today for launching space probes. Einstein, expanding on his Special Theory of Relativity, proposed the General Theory of Relativity which described gravity not as a conventional force, but as an effect of the curvature of space-time. This could explain the slight shift of planetary orbits from their Newtonian expectations, and the bending of light in the vicinity of a massive object. This theory – our most successful theory of gravity to date – is used to explain phenomena related to black holes, the recently discovered gravitational waves, and has important applications such as GPS technology. Perhaps one of the most interesting uses of General Relativity has been to model the evolution of the Universe as a whole – its expansion since the Big Bang and its possible future fate. This course covers the mathematical prelude to the study of general relativity, the formulation of Einstein’s field equations, and finally some of the applications of this theory."
PHYS360,Quantum Information,chemistry|computer science|physics,4,"There is plenty of room at the bottom” is a succinct expression by Feynman about the richness of the quantum world. How do we harness this abundance? In this course, we attempt to answer this question. Peter Shor designing a quantum search algorithm that is much faster than any known classical algorithm marked the beginning of a new paradigm. The most relevant aspect is the way we process information. Doing it the quantum way speeds up the process, makes it more efficient and surpasses, in many cases, the limits known from a classical perspective. This course begins with a discussion on information theory and introduces ideas about quantum information processing (QIP). Other topics to be covered include quantum algorithms and their experimental implementations. Students will learn to program the IBM quantum computer as well. Major corporates in IT and many leading institutes have strong research programs in QIP. That vouches for the importance of this science."
PHYS361,Quantum optics,physics,4,"Quantum optics is the study of physical processes involving the electromagnetic field which require considering quantum effects of the later.  While the need for quantum formulation may not arise in the description of all the optical phenomena, it is essential in many processes involving the electromagnetic field.   The quantum nature of the electromagnetic field was introduced as an adhoc requirement by Einstein to explain the photoelectric effect.   Of course, it is not Adhoc anymore.  Quantum field theory has formalized these notions.   Availability of laser has made it possible to perform experiments explicitly requiring quantum description.  These experiments range from testing the foundational aspects of quantum theory to manipulating quantum bits to perform computations.  This course provides an introduction to the subject, paying attention to both the theoretical and experimental aspects. Ideas on quantum metrology and  quantum control will be discussed.  This course is accessible to anyone who has had an introduction to quantum physics.  Also,  those interested in quantum information processing stand to gain by taking this course.     In his letter (y1951) to Michale Besso, Einstein wrote, 'All these fifty years of brooding have brought me nowhere nearer to the question ""What are light quanta"". Nowadays, every Tom, Dick and Harry thinks he knows it, but he is mistaken.""  Hopefully,   students taking the course  will be able to explain what photons are."
PHYS401,Fundamentals of Classical Field Theory,physics,4,"Every student of physics, irrespective of whether they wish to pursue theoretical physics or experimental physics, needs a thorough training in the core principles and conceptual structure of physics. The exposure should bring out the coherence and structure in the theories that shape our understanding of nature at all length and time scales. This course is an advanced overview of the discipline that teaches the language of physics as it is practised at advanced levels. This course will enrich and enable students so that they see experiments not as data generating endeavour but as the only way to uncover the deeper principles that seem to be at work in nature."
PHYS438,Introduction to Particle physics,physics,4,"The Standard Model of Particle Physics is the most successful model of physics that describes the Universe at the most fundamental scales. In this model, the electromagnetic, weak, and strong interactions between matter particles are described by their mediation through vector bosons. The predictions of this model have been experimentally verified to high precision. While the Standard Model unifies electromagnetism and the weak force into a single electroweak interaction, research aims to achieve ‘grand unification’ including the strong interaction too. This course introduces the Standard Model through gauge theory and particle phenomenology, and involves calculation of various observed processes using Feynman diagrams."
PHYS443,Molecular spectroscopy,physics,4,"This course provides the basic knowledge of interaction of light with matter in terms of the relationship with the molecular structure. An overview of the various types of molecular motion and how they can be recorded using optical spectroscopic techniques will be discussed in some detail. In addition, students will be performing experiments using spectroscopy apparatus available on campus.

Course Objectives / Learning Outcomes
On successful completion of this course students will
Basics of molecular motion and light matter interactions
Overview on various molecular spectroscopy techniques
Hands-on experience with the spectroscopy techniques"
PHYS601,Fundamentals of Classical Field Theory,physics,4,"Every student of physics, irrespective of whether they wish to pursue theoretical physics or experimental physics, needs a thorough training in the core principles and conceptual structure of physics. The exposure should bring out the coherence and structure in the theories that shape our understanding of nature at all length and time scales. This course is an advanced overview of the discipline that teaches the language of physics as it is practised at advanced levels. This course will enrich and enable students so that they see experiments not as data generating endeavour but as the only way to uncover the deeper principles that seem to be at work in nature."
PHYS602,Advanced statistical mechanics,physics,4,"Newtonian mechanics is deterministic and applies to a system
 with many degrees of freedom. However, propagating a typical initial condition of the
 many-body system as per the Newtonian dynamical laws is fraught with difficulties,
 both conceptual and analytical. Luckily, if we are interested in a class of macroscopic
 properties which correspond to a myriad of microscopic states of the system, one can
 profitably employ the language of probabilities. Statistical physics of systems
 thermodynamic equilibrium is such a description. A major success of statistical physics
 is it provides a dynamical origin to the laws of thermodynamics, though for a restricted
 class of systems called ergodic systems. The theory, nevertheless, is applicable to all
 systems, microscopic and macroscopic systems included. This course is an introduction
 to some of the research questions in statistical physics. Specifically, the course deals
 with order theorems, critical phenomena and scaling theory."
PHYS616,Advanced Computational Techniques,physics,4,"Analytical methods are often inadequate to deal with real systems, whether in physics or economics or any data-driven field. The alternate route is to carry out numerical computations. In recent times, this has become an important tool to be learned by any budding physicist. Learning this early enables one to go beyond idealised problems. It gives them the freedom to take up more challenging problems. Needless to say, numerical solutions will motivate us to seek analytical solutions, at least in an approximate sense. The course will focus on numerical techniques to handle linear systems, ordinary differential equations, etc."
PHYS617,Advanced Condensed Matter Physics,physics,4,"Over the past century, condensed matter physics has evolved from a nascent discipline into
 one of the most influential pillars of modern science and technology. Today, it is integral to
 countless aspects of contemporary life—shaping innovations in memory devices, electric
 vehicles, advanced battery materials, medical imaging technologies, alternative energy
 solutions, and experimental tools for both astronomers and particle physicists. This
 remarkable growth has been driven by the study of how materials respond to diverse
 external stimuli such as temperature, pressure, and electric or magnetic fields. This course
 offers a strong foundation in the theoretical framework of condensed matter physics,
 complemented by an introduction to key experimental techniques. By integrating these
 perspectives, it equips young researchers with both a broad overview of the field and the
 insight needed to choose impactful research directions aimed at sustainable solutions to
 global challenges."
PHYS638,Introduction to Particle Physics,physics,4,"The Standard Model of Particle Physics is the most successful model of physics that describes the Universe at the most fundamental scales. In this model, the electromagnetic, weak, and strong interactions between matter particles are described by their mediation through vector bosons. The predictions of this model have been experimentally verified to high precision. While the Standard Model unifies electromagnetism and the weak force into a single electroweak interaction, research aims to achieve ‘grand unification’ including the strong interaction too. This course introduces the Standard Model through gauge theory and particle phenomenology, and involves calculation of various observed processes using Feynman diagrams."
PHYS660,Advanced quantum information,physics,4,"There is plenty of room at the bottom” is a succinct expression by Feynman about the richness of the quantum world. How do we harness this abundance? In this course, we attempt to answer this question. Peter Shor designing a quantum search algorithm that is much faster than any known classical algorithm marked the beginning of a new paradigm. The most relevant aspect is the way we process information. Doing it the quantum way speeds up the process, makes it more efficient and surpasses, in many cases, the limits known from a classical perspective. This course begins with a discussion on information theory and introduces ideas about quantum information processing (QIP). Other topics to be covered include quantum algorithms and their experimental implementations. Students will learn to program the IBM quantum computer as well. Major corporates in IT and many leading institutes have strong research programs in QIP. That vouches for the importance of this science."
PHYS661,Advanced Quantum optics,physics,4,"Quantum optics is the study of physical processes involving the electromagnetic field which require considering quantum effects of the later.  While the need for quantum formulation may not arise in the description of all the optical phenomena, it is essential in many processes involving the electromagnetic field.   The quantum nature of the electromagnetic field was introduced as an adhoc requirement by Einstein to explain the photoelectric effect.   Of course, it is not Adhoc anymore.  Quantum field theory has formalized these notions.   Availability of laser has made it possible to perform experiments explicitly requiring quantum description.  These experiments range from testing the foundational aspects of quantum theory to manipulating quantum bits to perform computations.  This course provides an introduction to the subject, paying attention to both the theoretical and experimental aspects. Ideas on quantum metrology and  quantum control will be discussed.  This course is accessible to anyone who has had an introduction to quantum physics.  Also,  those interested in quantum information processing stand to gain by taking this course.     In his letter (y1951) to Michale Besso, Einstein wrote, 'All these fifty years of brooding have brought me nowhere nearer to the question ""What are light quanta"". Nowadays, every Tom, Dick and Harry thinks he knows it, but he is mistaken.""  Hopefully,   students taking the course  will be able to explain what photons are."
POLT202,Understanding Indian Politics,political science,4,"This course offers a critical introduction to the evolution and practice of democratic politics in India, with a focus on the postcolonial state and its institutions. Through a thematic exploration of the Indian state, constitutional vision, institutional frameworks, and contemporary political challenges, students will gain a grounded understanding of how democracy was imagined, built, and contested in India.
Beginning with philosophical and historical reflections on the idea of the state, the course situates the Indian experience within broader traditions of political thought. It then traces how India's Constitution emerged as a blueprint for reconciling diversity with unity, exploring foundational principles such as federalism, secularism, and social justice. The course examines how these ideals were institutionalized through the Parliament, Judiciary, and Election Commission—and how they have evolved in response to changing political contexts, including the rise of majoritarianism, debates on federalism under the Modi government, and policies like ""One Nation, One Election.""
Emphasizing both historical depth and contemporary relevance, the course interrogates how India’s democratic project has negotiated its plural society marked by caste, religion, language, and regional identities. Through key political episodes—such as the Emergency, Mandal vs. Kamandal, and hijab and language debates—students will explore tensions between liberty and order, rights and identity, and state power and popular resistance. Engaging with primary texts, constitutional debates, and critical scholarship, the course encourages students to think analytically about the Indian state and its evolving role in shaping democratic citizenship."
POLT203,"Politics in Multiple Frames: Approaches, concepts and theoretical perspectives",political science,4,"This course seeks to outline various perspectives of understanding politics at multiple levels from the local to the national to the global. Is politics essentially about power, government and elections, or is it about friends and foes? Could it be about a deep yet contested conversation about public goods or an art of bringing political differences into an integral but tension-ridden whole? Students will develop a foundational understanding of historical, empirical and normative dimensions of politics at each of these scales. What are the pressing questions that we encounter at different levels of politics, and how did the systems that organise them come to be, and what are the epistemologies and power dynamics that underpin them? How does the academic discipline of politics constitute its objects of study and protocols of enquiry? Can the focus of politics be exclusively on human action, and such a focus be sustained in times of deep ecological crises?"
POLT204,Comparative Politics I,political science,4,"This course is designed as an introduction to Comparative Politics, a sub-discipline in the study
 of politics. Comparative Politics is traditionally defined in two ways. First, in contrast to
 International Relations, it used to refer to the domestic politics of countries, usually other than
 one’s own, which Political Science students would devote an entire course to. Second, it is
 defined by the use of the Comparative method, the underlying assumption of which is that all
 knowledge is relative. We learn new things with reference to what we already know, and our
 assessments are usually implicitly or explicitly relative. Comparative Politics as a field trains
 us to do this systematically with regard to matters political.
 In this course, we will step aside from both these traditional definitions. Familiarity with
 everyday ideas, such as the ‘state’ or ‘nation,’ and with the most common arrangements of
 government, will be this course’s priority. Thus, as an introduction, this course will cover
 foundational concepts, the organization of government, political systems and central political
 questions. The idea is that students who are interested in politics and who are interested in
 informed citizenship, will leave the course with clarity about the words, ideas, arrangements
 and processes that make up everyday politics—such as different kinds of legislatures or
 different levels of government or different election procedures. This clarity is the foundation
 of advanced, complex political analysis."
POLT207,Global Politics I,political science,4,"This course offers a general introduction to global politics by combining historical insights, conceptual tools and empirical accounts connected to international issues. The course begins with a brief historical review of political formations and conceptual overview of international relations. Contemporary issues of identity, inclusion, justice and welfare are examined in subsequent weeks, complicating traditional academic perspectives by considering real world debates and cases. Writing exercises, individual and group research projects and informed, structured discussions will be supplemented by lectures as needed."
POLT301,Social and Political Thought: Intimations of Modernity,philosophy|political science|sociology,4,"This course deals with ideas articulated by individual thinkers such as Machiavelli, Hobbes, Locke, Mill, Weber and Marx on society, politics, and power. In addition, it covers different ways of thinking of ‘past’, their attendant imaginaries, and the politics of identity and recognition in the modern world.  Both these parts are connected by and anchored in the stories of ‘modernity’. ‘Modernity’ is a large  and complex theme that encompasses transformations in the sphere of economy, politics, society and  morals. It does not offer a unitary story. We also know that it has become a global currency for  justifying as well as critiquing power. Separated by a long stretch of time, how do we make sense of  these ideas? How these thinkers, spanning a period of four centuries, were not only shaped by  significant sociopolitical changes but also created new ways of comprehending them? The course  brings interpretive and methodological resources from sociological theories, political philosophy, and historical imagination to examine ideas and experiences that define ‘modern’ life and their embattled presence in our time"
POLT307,Comparative Politics II,political science,4,"In broad continuity with the course Introduction to Comparative Politics, this course involves a deeper engagement with the key themes and methodological approaches that constitute the dynamic field of Comparative Politics. This course offers an advanced exploration of conceptual variables such as state formation and state capacity, social movements, and civil society as well as ideologically conditioned political processes such as democratisation, and development across supra-national, national, and local levels. The thematic composition of this course is informed by gender and intersectional lenses. Beginning with the evolution of the field beyond its Euro-American moorings, the course will delve into the diverse methods that characterise comparative research. This is followed by a historically contextualised study of dominant political ideologies. Other key themes covered in the course include political parties, representative democracy, and contemporary phenomena such as populism."
POLT308,Global Politics II,political science,4,"How do we make sense of global politics in an era where the state appears at once both durable and highly permeable and interconnected, when the increasing power of corporations and media transcend national borders, and when the structures that determine our collective political life appear to be both institutionally obdurate and physically unsustainable?
This course builds on POLT 205 Global Politics I (formerly titled Global Politics in the 21st Century: An Introduction), focusing on contemporary challenges and systemic perspectives that have been developed to help us grasp the structures, agents, and mechanisms of global political order. We begin with an engagement with genealogies of how “the global” emerges as a domain and frame of systemic analysis, as distinct from the idea of the “international”. We move to three major conceptual domains in which global politics is theorised: structures and institutions of global democracy, governance, representation, and participation; changes in the temporalities and frameworks of conflict and its resolution – from new modes of warfare to new regimes of global justice; and the ways in which movements and flows – of people, commodities, capital, knowledge, ideas, identities, and solidarities – shape and restructure global politics.
Throughout this course, we will grapple with the question of how to identify and theorise changes, as well as to see the durable dynamics underlying changing systems, on a global scale."
POLT309,Indian Politics II,political science,4,"The process of establishing an identity as a modern democratic sovereign state was not easy for India. Especially because this required the diversity and plurality of identities to be anchored to a common universally accepted idea or imagination of the nation. The history of india is replete with civilisational encounters and invasions. However, India distinctively transformed invasions into accommodation, rupture into continuity and division into diversity as argued by Sunil Khilnani. Thus, the success or failure of the state is deeply contingent on understanding its constraints and compulsions. It is deeply connected to the success of democracy in accommodating and nurturing the diversity of identities. Diverse identities often come in conflict with each other unsettling the democratic fabric of the state which significantly relies on the principles of liberty and equality to defend itself. Thus, the course will engage with the idea and imagination of India though contemporary debates and challenges around the working of Indian politics. Some of the debates that the course identifies are: the paradox between democracy and development, frequently raising the question of equality; caste and the question of social justice that brings under review state performance and affirmative action; religious freedom and the communalisation of politics that demands secularism be understood through democracy, equality and liberty; regionalism and secessionism that challenges territorial state sovereignty while accommodating ethnic diversity; and the universal and uniform language of representation that addresses the women’s question, nonetheless failing to accommodate the inter-sectionalities and diverse lived experiences. The course is divided into five broad units: Imagining India: Democracy and Development; Caste, Social Justice and Reservation; Religion and Communalism; Regionalism and Secessionism; and India and the Women’s Question."
POLT311,Political Imaginings from the Global South,history|political science|sociology,4,"This course will introduce a complex world of ideas connected to society and politics created by thinkers and political actors of the Global South. Although a majority of thinkers discussed in this course will be from postcolonial societies of Africa, Latin America, and Asia, the term ‘Global South’, here, is not used as a spatial category but rather as a transnational subjectivity, a structure of sensibility shaped by the historical forces of colonialism, capitalism and nationalism. Ideas of society, politics, justice, and freedom as articulated in speech and text, and practiced in political organising, social mobilisation, resistance and rebellion, and education, by Frantz Fanon, B.R. Ambedkar, Babytai Kamble, Paolo Freire, Stephen Biko, Ho Chi Minh, Angela Davis, Stokely Carmichael, Jose Carlos Mariategui, Edward Said, and others will be discussed in this course, as well as more contemporary thinkers and practices building on these genealogies, including Linda Tuhiwai-Smith, Achille Mbembe, Chinnaiah Jangam, and EZLN. The course will encourage the students to interpret their work not only by placing them in their historical contexts but also by seeing their significance for contemporary times."
POLT313,Introduction to Political Theory: Concepts and Conundrums,philosophy|political science|sociology,4,"This course is based on the conviction that theoretical concepts are indispensable to fully
 comprehend political realities and the ways in which they change. How do concepts emerge and
 develop, and what are the elements constitutive of their connection to empirical realities?
 Although abstract, political concepts are often deployed for the purpose of supporting as well as
 contesting concrete social arrangements, ideological positions, and institutions. They also act as
 necessary scaffold for alternative imaginings of political futures. This course is reading-intensive,
 and will pay close attention to the architecture of concepts as well as to their complex, and
 often conflicting, social mobilization. It is a course that highlights the connection between
 theory and practice, and explores new ways of doing political theory in our troubled and
 agonistic times."
POLT316,Indian Foreign Policy,history|political science,4,"This course is designed as an analytical, contextualised introduction to Indian foreign policy and strategic thinking. The course is designed to enable students to follow contemporary debates in an informed and critical way, and from multiple points of view. Traditionally, this topic is taught through a historical approach and an overview of bilateral relationships. This course will merge that with elements from foreign policy analysis courses, that is, by including themes such as the influence of domestic politics and non-political issues. It will begin with a contextualising historical overview and then briefly examine contributing factors that shape thinking and policy on India’s external relations before looking specifically at key relationships and important policy areas."
POLT317,Political Theory II,political science,4,"The study of politics is much more than the study of the state. It involves the examination and engagement with the social and political structures, concepts, ideas and values. Thus, concepts like equality, liberty, rights, justice, sovereignty, power, democracy, modernity, nationalism, identity, state, legitimacy and dissent become central to the discipline of politics. Political Theory I exposes the students to some of these concepts. However, the course on Political Theory II will engage with the remaining concepts through the ongoing debates around some of the concepts like sovereignty, power, nationalism, democracy, identity and modernity. The engagement with these debates bring to the surface how certain concepts complicate or simplify the understanding and applicability of other concepts in a polity. The engagement with these concepts manifests in political action. Political action aims at either preservation or change guided by the thought of better or worse. This is deeply embedded in finding the good or the right driven by what starts as a question and ends with knowledge. Thus, political theory is driven towards the pursuit of knowledge for the good of society, polity, people and collectives exhibited in the establishment of order and resolution of contestation or conflict. The engagements with ongoing debates enhances this pursuit of knowledge which is deeply embedded in explanatory wisdom for the truth. Thus, the course will engage with such a quest for knowledge while resolving ongoing contestations, conflicts and debates that aim at generating consent and acceptance for an ordered polity. The course will be anchored to the challenges to state and sovereignty, contestations over power and legitimacy, debate around dissent safeguarding democracy or democracy being dissent, paradox of modernity and identity and the elusiveness of nationalism. It is through a critical engagement and coherent analysis of the concepts and the ongoing debates and challenges around them that the course will enrich political theory and the discipline of politics as it will create the knowledge of the whole by putting the parts together."
POLT325,Politics and Theories of Urbanisation,political science,4,"The course aims to provide a foundational understanding of what constitutes the urban and urbanisation by combining critical theories and concepts crucial to understand urban spaces and urbanisation processes with contemporary empirical literature, primarily focusing on urban and peri-urban India. The course offers a broad understanding of the social and political dimensions of the urbanisation processes that helps students identify structural realities and agentic transformations in different urban contexts across time and space."
POLT327,Debating India: Key Deliberations in the Constituent Assembly of India,history|political science|sociology,4,"The Constitution of India with 395 Articles that are organized into 25 Parts and 12 Schedules was the handiwork of the Constituent Assembly that comprised 389-members, who came from diverse social, economic and political backgrounds.  It was adopted on 26 November 1949 and came into effect on 26 January 1950. During its more than seven decades of existence the Constitution of India has so far been amended 105 times. Despite such a large number of amendments the Constitution’s Basic Structure and other essential features, such as Fundamental Rights, remained more or less the same. In a country of vast diversity, divisions around caste, religious and racial identities, and glaring economic inequities, such an endurance of the Constitution is an astounding achievement both of the members, who drafted the Constitution, and the vast Indian populace that took the vision of the former into their stride. But what is overwhelming is the way in which the Constitution came to be formulated in the Constituent Assembly, the arguments and counter-arguments put forward and the justifications made in the making of every Article of the Constitution. This is because prior to 1950 India never had any written Constitution. Of course, during the later phase of its rule in India the British regime had introduced a few administrative related Acts in the written-form. But then these Acts became concerns of the British rulers and the educated elite of the Indian. A vast majority of the Indian population, who were largely illiterates, remained unconcerned with those Acts of the colonial rulers. Besides this, the socio-cultural diversity; divisions around caste, religion, region and language questions, economic inequities and other divergences and differences that we experience in our times were also very much alive and present at the time of the making of the Constitution for the nascent independent India.  Therefore, two most pertinent questions to be asked are: despite all those divergences how did the members in the Constituent Assembly come to agree upon a constitutional framework for the future India; and what were the arguments and justifications made in the Constituent Assembly in the making of certain essential features of the Constitution? A critical exploration of these questions would help the students not only to understand the key debates in the Constituent Assembly, essentially it facilitates a critical thinking, a constitutional perspective and a democratic way of finding solutions to numerous problems that plague our current public life."
POLT334,Politics of the Body,political science|psychology|sociology,4,"The socio-cultural construction of the body is intrinsic to the constitution of the self. The body does not just define the ‘self’ but also the ‘other’ or ‘non-self’. The body is a source of knowledge while understanding social positioning and is understood through everyday living. Beauty is closely connected to the body. It is defined in terms of the perfect body and bodily appearances. In fact societies have been obsessed with a beautiful body for long. The body is a strong communicator and has a specific political anatomy of its own. It can see and is also constantly seen by the others. The course will look at the body from a political perspective and navigate through questions like what constitutes the body and how we see them. It will help in understanding the process of othering that constantly takes place in the socio-economic-political-cultural milieu we inhabit. By taking the body as the source of intervention, the course will engage with questions of self, identity, subjectivity and objectification. Thus, engaging with the sociological construction of the body, politics of visibility or that of seeing and be seen, heightened presence of technology, bodies as embodiment of caste, religion, space and disability becomes unavoidable and pivotal. It opens up the domain of alternative narratives that make us look at the body as made up of a plurality and multiplicity of bodies. The course will draw from articulations and conversations that have already been initiated by scholars like Judith Butler, Michel Foucault, Erving Goffman, Bryan Turner etc to enrich the discourse on body politics."
POLT337,Coping with Diversity and Conflict: A Global Survey of Strategies,political science,4,"The human kind is not homogenous. Various forms and
 degrees of ethnic and cultural diversity permeate most societies across our
 world—and often lead to conflict. The regulation of diversity and conflict is therefore
 a foremost task and challenge of governments and governance, and have been so
 throughout the era of late modernity that we live in. It is as salient as ever as the 21 st
 century completes its first quarter and enters the second.
 Coping with Diversity and Conflict: A Global Survey of Strategies is an in-depth
 analytical scrutiny of the repertoire of strategies sovereign states—and sometimes
 other actors—have used and continue to use to eliminate or regulate diversity and
 conflict in their territories and societies. The five strategies we study are: genocide,
 mass expulsion, partition, secession, and
 devolution/autonomy/federalism/consociation. Students are introduced to the terms
 and to the concepts that underlie the terms, which are then fleshed out with
 discussion of recent and current examples (case studies) drawn from across the
 world. The course will be offered in the second trimester of AY 2025-26."
POLT338,"Global Conflicts: Causes, Consequences, Solutions",political science,4,"This course is about the most intractable genre of political
 conflict. This type of conflict arises when two or more contending entities—which
 may be nation-states, and/or communities that self-define as ‘nations’—assert
 ownership (sovereignty) over the same territory. The competing claims to ownership
 of/sovereignty over the same land have often given rise to bitter, protracted conflicts,
 viewed through a zero-sum lens by the antagonists. What is common to the
 polarized antagonists is that all invoke the right to national self-determination (NSD)
 in support of their claim. The conflicts produced by these clashing aspirations to NSD
 are highly resistant to accommodation and compromise. The violent enmities they
 often generate further entrenches polarization and condemn entire world regions to
 prolonged instability. NSD conflicts are a global phenomenon—examples are found all over the world in
 recent and current times. Structured in a comparative case-study format, this course
 looks in depth at five such conflicts in the contemporary Middle East (the case of
 Israel and the Palestinians), South Asia or the Indian subcontinent (the cases of
 Kashmir and Sri Lanka), the Balkans region or southeastern Europe (the post-
 Yugoslav case of Bosnia-Hercegovina), and western Europe (the case of Northern
 Ireland). Students are exposed to the specific histories and contexts of these cases
 but are also encouraged to think and analyze comparatively across countries and
 world regions. The course is particularly focused on the great challenges of buildingpeace processes and crafting peace settlements in NSD conflicts. The course will be
 offered in the second trimester of the 2025-26 academic year."
POLT339,Caste in Critical Perspective: From Scriptural Order to Everyday Politics,political science,4,"This course offers a critical and interdisciplinary introduction to caste as a structure of power, a mode of social organization, and a lived experience in South Asia. Moving from scriptural origins to colonial codification, from ideological debates to embodied practices, the course unpacks how it continues to organise everyday life, maintain hierarchies, and shape access to dignity, justice and knowledge. Rather than treating caste as a static tradition, the course approaches it as a dynamic system sustained through everyday interaction and institutional design, yet constantly challenged by movements of resistance and assertion. Through a progression of thematic modules, students explore how caste is normalized and contested across time via scriptural codes and colonial enumeration as well as in ideological debates and sensory experiences.
The course begins by interrogating the religious and philosophical foundations of caste before examining how colonial governance transformed caste into a system of classification and political identity. It engages with the ideas of Ambedkar and Gandhi to highlight competing visions of reform and annihilation of caste. Moreover, students explore how caste operates through the body, gender, sexuality, memory and humiliation, and how it becomes tangible in practices of food, touch, smell and labour. The final module emphasizes academic responsibility by training students to write about caste critically with attention to standpoint and representation.
Drawing from sociology, politics, anthropology, Dalit studies, feminist theory, and cultural studies, the course uses a range of sources—including testimonies, autobiographies, ethnographies, films, and public texts. Emphasizing reflexive learning, it encourages students to connect theoretical debates to lived realities while developing intellectual rigor and sensitivity. The course fosters critical inquiry and social awareness, enabling students to question hierarchies and engage meaningfully with ongoing struggles for equality and dignity in anti-caste movements."
POLT340,Democracy and Autocracy in the Contemporary World,political science,4,"This course critically interrogates the notions of ‘democracy’ and ‘autocracy’ with empirical reference to the contemporary world of the early twenty-first century. So often juxtaposed as binary opposites along with related terms—freedom versus tyranny, liberty versus dictatorship—the line between democracy and authoritarianism has become empirically blurred a mere three decades after an American author proclaimed ‘the end of history’ with the ideological triumph of liberal democracy and its likely universalization. In the 1990s, the comparative study of ‘democratization’ was a booming sub-field of political science. In the 2020s, the scales have flipped and the comparative study of ‘autocratization’—also referred to as ‘democratic backsliding’—is a prime preoccupation of political scientists.
The abrupt swing of the pendulum shows that the binary distinction between ‘democracy’ and ‘authoritarianism’ in the 1990s and 2000s was an ideal-typical—and ideological—construct. The 2010s and 2020s represent a wake-up call to a far more complicated empirical reality, in which the politics of the leader of the Western/Euro- Atlantic ‘free world’ of democratic nations have taken an unexpected turn, along with that of the ‘world’s largest democracy’ in the non-Western world. The course is particularly focused on what the political scientists Stephan Haggard and Robert Kaufman call ‘the incremental erosion of institutions, rules, and norms that result from the actions of duly elected governments’ (and their leaders). This is a comparative politics course that draws on cases from around the world.
The Routledge Handbook of Autocratization (Aurel Croissant and Luca Tomini, eds), published in 2024, is a key course text. It consists of forty chapters organized in five parts. All the main readings for specific weeks are given below. The course will be offered in the third trimester of AY 2025-26."
POLT342,Nationalism and National Identity in the Contemporary World,political science,4,"Belying predictions and expectations around the beginning of the third millennium CE of the inexorable forward march of ‘globalization’ and the advent of a post-national age, passionate expressions of nationalist identity and pride animate and indeed dominate the politics of countries around the world. This is especially true of what Charles Tilly called ‘state-led nationalism’ and Benedict Anderson termed ‘official nationalism.’ Contemporary examples include the White, Christian brand of American nationalism championed by Donald Trump in the United States, the massive growth of English nationalism in Britain, the ascendancy of Hindu nationalism in India, and the rise to prominence and power of messianic forms of Zionism in Israel.
This course focuses on and explains the transition of these forms of nationalism from a deceptive marginality to the political centre-stage, and the transformation in their status from oppositional to mainstream and in some cases official ideologies of nation-statehood. The first part of the course covers the major theoretical perspectives on, approaches to the study of, and debates about nationalism and national identity. The second part is devoted to making sense of, and comparing, a selection of contemporary cases from different world regions. Nations and Nationalism: A Reader (Philip Spencer and Howard Wollman, eds, Edinburgh University Press, 2005) will be a key course text. The other major readings for each week are specified below. The course will be offered in the third trimester of AY 2025-26."
POLT343,"Faith, Freedom, and the Constitution: Religion and Law in India",political science,4,"Faith, Freedom, and the Constitution: Religion and Law examines the relationship between religion and law in contemporary India through the constitutional governance of religious diversity. It explores how courts, legislatures, and administrative institutions define religion, protect religious freedom, regulate religious practices, and adjudicate conflicts involving equality, citizenship, caste, and religious identity. While centred on India, the course adopts a comparative perspective by engaging debates from the United States and Europe concerning secularism, religious liberty, legal pluralism, and minority rights.
Organised around four foundational questions that have shaped some of the most significant constitutional controversies in modern India, the course first asks, under the theme of secularism: How should a constitutional state govern religion? It then examines, through the lens of religious freedom: What protections should individuals and communities enjoy? Turning to personal law and legal pluralism, it considers: Can religious diversity coexist with equal citizenship? Finally, through the study of caste and conversion, it investigates: How does law regulate religious identity and social hierarchy?
Drawing on constitutional texts, judicial decisions, and interdisciplinary scholarship from law, political theory, history, sociology, and religious studies, the course encourages critical reflection on the challenges of governing religious diversity in democratic societies. Particular attention is paid to the ways in which constitutional commitments to liberty, equality, secularism, and minority protection intersect—and at times come into tension—in contemporary legal and political debates."
POLT412,South Asian Politics and International Relations,political science,4,"The people of South Asia are bound by history and a common destiny, as they inhabit what Barry Buzan termed as a ‘security complex.’ That is, millennia of intersecting stories and a more recent shared colonial experience have brought them to their separate post-colonial journeys as modern states and societies. The course will review structures and issues of politics in each South Asian state (Afghanistan, Bangladesh, Bhutan, India, Maldives, Nepal, Pakistan, and Sri Lanka), as well as conflict and cooperation between the states."
POLT413,Texts on Interrogating the Political and Social Imaginaries,political science,4,"This seminar-based course explores critical political and social ideas regarding their constitution and deployment. Through the strategies of close and comparative readings, the course will highlight the entangled character of political visions and the struggles through which they occupy troubled residences in our part of the world."
POLT416,The Strongmanand the Fakir: Understanding the Populist Phenomenon,political science,4,"How do we understand contemporary events such as Brexit, the surge in radical right political parties, left-wing anti-austerity movements, and the rise of ‘strongman’ leaders such as Donald Trump, Recep Tayyip Erdogan, and Narendra Modi? Connecting these phenomena is the concept of Populism that has emerged as a buzzword in contemporary times and holds a relevance that cuts across geographical boundaries. This course discusses the different theoretical approaches to populism such as the ideational approach, the discursive approach, and the performative approach. The course also offers an empirical and contextualised focus on the varying incarnations of populism and populist leaders in global politics. It pays particular attention to the gendered content of populism as a phenomenon and the field of populism studies. The course also explores different approaches to understanding populism’s relationship with democracy, and traces possible responses to the ‘populist challenge’."
POLT431,Infrastructure Technologies and Planetary Politics,political science|sociology,4,"This course focuses on infrastructural technologies as a mode of political power that operates on a planetary scale. Infrastructures are integral to the organisation of our collective life: the kinds of energy and material we use; the systems we build to extract and move material and energy around the planet; the ways in which we create and circulate value and waste; and the logics of property and space that shape and limit human (and nonhuman) mobility and accelerate the movement of capital. To understand these workings of power, we draw on recent theorisations of “planetary politics” that challenge us to go beyond our usual conceptions of political time and the placement of human agency at the centre of political life. 
 In our everyday lives, often seemingly mundane technical infrastructures shape our relationships to the nonhuman and to each other, inculcating norms of habit and sensing, and everyday rules and logistics, that come to have authority. At national and global scales, changes to our political economies of extractivism, production, information, and waste have restructured “politics as usual”, with consequences ranging from corporate capture in democratic politics to the shaping of new modes of authoritarianism. Our infrastructures entangle us in common logics that complicate many of our common distinctions of governance, public vs. private, centralisation and decentralisation, and political ideology. Drawing on multidisciplinary work in Science and Technology Studies, technopolitics, critical theory, and design, we will engage with a range of debates about how to grasp, theorise, and respond politically and collectively to forms of power enacted through our built structures and systems, their modes and logics of production, and the multiscalar, networked, and often diffused ways in which they work."
POLT613,Media and the Public,political science,4,"Why does media ownership matter? Is media freedom genuinely safeguarded in democracies, or is that merely a myth? How does social media contribute to community polarization in India? What constitutes the public sphere, and to what extent is it shaped by gender? How do diasporic communities negotiate cultural identity through food and engage in political discourse via social media? In what ways do diasporic communities engage with social media for political participation, debate and mobilization, and how does this impact political dynamics in both their host and home countries ? This course seeks to critically examine these pressing questions by engaging with key theoretical and empirical scholarship at the intersection of media, politics, society, and diaspora. It will provide participants with conceptual tools to analyze how media practices are shaped by power relations, and how they, in turn, influence public life, and shape up identity. The course concludes with a project, allowing participants to apply core concepts and analytical frameworks to contemporary empirical media related issues or case studies. Emphasis is placed on critical thinking, interdisciplinary engagement, and reflexive analysis."
POLT625,Politics and Theories of Urbanisation,political science,4,"The course aims to provide a foundational understanding of what constitutes the urban and urbanisation by combining critical theories and concepts crucial to understand urban spaces and urbanisation processes with contemporary empirical literature, primarily focusing on urban and peri-urban India."
POLT636,Research Methods in Politics I,political science,4,"The purpose of this course is to introduce students to qualitative and quantitative modes of inquiry while understanding social and political phenomena. Through course material, students will become familiar with the philosophical foundations and perspectives of interpretive qualitative research and basic quantitative data. The course will highlight essential concepts and techniques, as well as explore key interpretive research questions such as the following: What kind of knowledge claims can be made and what counts as evidence to support those claims? How does a researcher’s positionality shape the direction, context, and the structures of power involved in the inquiry? What considerations regarding the representation of the ‘Other’ should a researcher address? What are the ethical issues that arise for interpretive researchers? In addition to such reflections during in-class discussions, students will also have an opportunity to develop their own qualitative and quantitative research proposal and conduct preliminary data collection. Through this preliminary process they will gain direct experience with the practice of research including developing an interpretive qualitative and quantitative research questions, crafting a research design, establishing a conceptual framework, engaging in data collection and analysis techniques, and learning some of the conventions of writing up research. By the end of the course, students will not only understand how qualitative and quantitative researchers produce knowledge but will also appreciate the possibilities of qualitative inquiry within quantitative research and vice versa."
PSYC201,Introduction to Psychology,psychology,4,"The Introduction of Psychology course (PSYC201) introduces students to conceptual building blocks of Psychology, including topics on perception, learning, memory, intelligence, motivation, emotion, and personality. In this way, it levels the field for students from varied educational settings in school who may have a differentiated exposure to psychology as an academic discipline, and prepares them for an undergraduate training in the field. The course seeks to facilitate students in their engagement with the lasting questions around which the discipline has evolved. PSYC201 is also designed to introduce students to some of the classic psychological studies and thereby demonstrate the principles of some of the key areas of modern psychology as a diverse and interdisciplinary science. Students will be expected to read and evaluate classic psychological research studies and critically reflect on the real-life implications of psychological insights."
PSYC203,Brain and Behaviour,biology|psychology,4,"This course examines the biological basis of behaviour and develops an understanding of the complexities of the brain and the mechanisms underlying various behavioural phenomena. How is our brain organised? How do neurons function? What is the brain's basis of psychological phenomena? How do our genes and hormones influence behaviour? We will be exploring answers to these questions through interactive lectures. This course introduces brain disorders as a clinical method to better comprehend the complexity of the mind-brain connection. In addition, we will discuss various techniques such as brain imaging and recording and how they unravel the mysteries of the brain. By integrating knowledge from biology and psychology, students gain a holistic understanding of how biological processes shape human behaviour and cognition. This course is designed to provide an introduction to the major concepts, theories, and methods in the field of behavioural neuroscience."
PSYC204,Cognitive Psychology,psychology,4,"This course delves into the transformative period known as the cognitive revolution,offering students an in-depth exploration of its profound impact on the field ofpsychology. The cognitive revolution marked a paradigm shift, moving away frombehaviorist approaches and emphasizing the importance of internal mental processes.Students will investigate the theoretical frameworks and methodological advancementsthat define cognitive psychology, focusing on understanding the formal nature ofcognition. Throughout the course, we will trace the historical development of cognitivepsychology, highlighting key figures and landmark studies that catalyzed this scientificshift. Emphasis will be placed on how cognitive psychologists approach the study ofmental processes such as perception, memory, language, problem-solving, anddecision-making. Building on foundational knowledge, this course will explore how thecognitive revolution redefined psychological research, moving it towards a moreinterdisciplinary and scientifically rigorous approach. Students will gain insight into thevarious methodologies employed in cognitive psychology, including experimentaldesigns, computational models, and neuroimaging techniques. By engaging deeply withthese concepts, students will develop a nuanced understanding of how cognitivepsychology addresses complex questions about the mind. They will learn to criticallyevaluate research, appreciate the interplay between theory and empirical findings, andrecognize the ongoing challenges in determining the formal nature of cognition. Throughthis comprehensive exploration, students will be equipped with the skills necessary tocontribute to the dynamic and evolving field of cognitive psychology."
PSYC205,Statistics & Research Methods I,psychology,4,"“Somewhere, something incredible is waiting to be known.”
-Dr. Carl Sagan, astronomer, 1934-1996
What factors determine student grades? What is the correlation between student attendance and grades? Does breakfast improve attention? The answer to these questions is not factual but requires evidence, which involves gathering data from a sample and then synthesising the information using a relevant statistic to draw conclusions. We leverage statistical tools and techniques to gather evidence. This course provides an overview of the research process, including the use of scientific methods, research designs, and the role of theory in psychological research. Students will further gain hands-on experience in analysing real data using statistical analysis like measures of central tendency, t-statistics, ANOVAs & correlations.
Students will learn the basics of between-subjects and within-subjects design, as well as descriptive statistics, including measures of central tendency and dispersion. They will also explore surveys, such as probability, scales, and their uses, and learn about ANOVA. The course exercises will rely on hands-on exercises using statistical packages to explore, visualise and analyse these data. Students will delve into hypothesis testing, probability theory, and the concept of statistical significance. Further, they will learn about various sampling methods, considerations of sampling biases, and the complexities of generalising research findings to broader populations. A student emerging from this course will not only be equipped to use these tools and apply them, but also evaluate any ‘scientific evidence’ critically and judiciously. The students will learn to report and present data in a meaningful way and transform it into different visualisation formats, demonstrating an understanding of experimental design. This course provides the foundation for Statistics and Research Methods II (PSYC 209)."
PSYC208,Introduction to Qualitative Approaches in Psychology,psychology,4,"This course aims to familiarise students with qualitative research methods, which are increasingly recognized and utilised within the field. Notably, there has been a notable rise in the prominence of qualitative inquiry, evidenced by its inclusion in bodies such as APA's Division of ""Evaluation, Measurement, and Statistics"". Moreover, the British Psychological Society recommends incorporating qualitative research into undergraduate courses. Qualitative methods are prized for their ability to capture rich, nuanced data and unveil themes and categories inherent in the data. They enable researchers to derive meaning from lived experiences and narratives, decipher the nuances of language in expressing underlying psychic structures, and gain profound insights into human behaviour and social interactions. 

Throughout this course, students will delve into the philosophical foundations that underpin qualitative approaches in psychology. These approaches encompass a range of methods, including narrative analysis, language analysis, visual methods, and naturalistic observation. This course will be delivered using a workshop model, wherein students will engage in hands-on learning experiences, collaborative activities, and practical exercises to explore qualitative research methods. By the end of the course, students will have gained an understanding of the philosophical underpinnings of qualitative research. Additionally, they will have developed the skills to evaluate the quality of qualitative research, considering factors such as sampling techniques, triangulation, and the potential for generalizability."
PSYC210,Statistics and Research Methods II,psychology,4,"This course builds on SRM I (PSYC207) and offers more advanced methodological and statistical tools to students.  The statistical techniques in the course include non-parametric tests, standardized scores, correlation, and linear regression. Students will learn to critically think about  experimental procedures, sampling, randomization, manipulation, apparatus, validity issues, and ethical concerns in conducting experimental research. This course will equip students with basic skills to plan an experimental design, analyze research studies that illustrate  varied experimental methods across different areas of psychology, and understand the underlying philosophy that guides empirical research. In doing so, this course provides the foundation for guided empirical research and critical analysis required in the final year of the program."
PSYC226,History & Systems of Psychology,psychology,4,
PSYC233,Organisational Psychology,psychology,4,"This course offers an introduction to the field of industrial and organizational (I/O) psychology, which focuses on scientifically studying behavior within organizational contexts, and applying psychological principles to comprehend and shape work behavior. The course should help students appreciate the human aspects of organisations at individual, interpersonal and group levels. Topics in this course encompass exploring the intricacies of employee satisfaction and workplace motivation, analyzing how various leadership styles influence employee performance and organizational outcomes, and locating sites of intervention for changes. The primary objective of the course is to foster a critical examination of the intricate fabric of workplace dynamics. This includes scrutinizing prevalent workplace practices,  exploring decision-making processes, and examining the criteria used to measure both success and failure within organizational contexts. Through this course, students will be exposed to the multifaceted nature of organizational behavior and the complex interplay between individuals, structures, and culture within the workplace."
PSYC236,Psychology as Human Science,psychology,4,"Psychological sciences probe human behavior and mental processes in a rigorous and
 systematic manner. Through this course, students will explore the implicit philosophical
 underpinnings of psychology as a science, and the kind of psychological phenomena,
 specific aims, methods emphasized, and purposes for which this knowledge is used. In
 doing so, students will reflect and review the empirical, positivistic, quantitative,
 determinable, predictive and scientific nature of psychology, addressing Giorgi’s call for
 psychology as a human science. We will then learn about a plurality of theoretical
 developments that offer new pathways for what psychology can become a discipline and
 what it means to be a human.
 Fundamentally rooted in Giorgi’s existential phenomenological approach, psychology,
 conceived of as a human science, offers an established way of understanding the life world,
 and subjective meanings as it is experienced and lived by human subjects. Drawing from
 existentialist, humanistic, and phenomenology, hermeneutics, psychoanalysis, and cultural,
 liberation and decolonial, and feminist perspectives, students will examine and reflect on the
 role of language, intersubjectivity, and interpretation in knowledge construction. Addressing
 Giorgi’s call for inventing new methods and approaches, students will tackle the problem of
 investigating the complexity of human phenomena scientifically."
PSYC237,Psychology of Self & Identity,psychology,4,"This course explores foundational and contemporary perspectives on personality, self, and
 identity in psychology. It asks the fundamental question: Who are we, and what makes us who
 we are? What makes us both unique and part of a shared social world? Beginning with classical
 debates on the nature and structure of personality, students are introduced to how psychology
 has historically conceptualized the individual. The course then moves into critical examinations
 of how selfhood is shaped by social, cultural, and digital environments, as well as by
 experiences of displacement and diaspora. Drawing from diverse psychological
 traditions—including trait theory, psychoanalysis, developmental psychology, and critical/cultural
 psychology—the course investigates how identities are formed, narrated, regulated, and
 transformed. Particular emphasis is placed on Indian psychological thought, contextual
 differences, and the lived experience of navigating multiple, intersecting selves."
PSYC238,Fundamentals of Psychophysics,psychology,4,"This interdisciplinary course starts from an introduction to psychophysics with its definitions, historical background and its intersection with neuroscience, psychology, physics and other interwoven disciplines. Examples from every day and real-life instances will make it more interesting. Adopting an interactive approach, this course will provide an overview of human sensory systems like vision, hearing, touch, taste, and smell and their neural basis. The students will learn about difference between the sensation and perception, responses and their qualitative and quantitative responses to various stimuli. As this course includes the experimental and data analysis aspects, students will not only learn about the data organization but also about its visualization and analysis."
PSYC239,Programming for Psychologist,psychology,4,"Programming for Psychologists is an undergraduate course designed to equip psychology students with computational problem-solving skills. Through hands-on exercises in Python and Octave, students will learn to think like programmers, develop scripts to analyse behavioural data, run simulations, and automate research workflows. Emphasis on real-world applications includes data visualisation, statistical modelling, and research practices. The course also introduces LaTeX for creating professional reports and slides for effective presentations. By integrating coding fundamentals with psychological research methods, students will gain practical expertise in computational tools essential for advanced research, enhancing their ability to design experiments, manage datasets, and communicate findings efficiently."
PSYC251,The Psychology of Sexuality and Gender,psychology,4,"This course introduces students to social, economic, and political dimensions of gender and sexuality with the goal of understanding how the diversity of these two aspects of the human experience impacts psychology and its allied disciplines. We will take a multi-disciplinary approach to explore, in particular: (i) differences and interrelationships between sex, gender, and sexuality; (ii) the relevance of cultural contexts to understanding human variation, especially as regards family, subjectivity, the politics of identification, and the impact of the predominance of ‘WEIRD’ research; (iii) theories of the performative aspects of gender and sexuality and the relevance of labour to gender and sexual roles and identifications; (iv) problems of categorisation and classification of normalcy and pathology, contemporary views on variation in biology, and the historical legacies of pathologisation of women and gender and sexual minorities; (v) problems in the public circulation and communication of specialist research (including overgeneralisation and misrepresentation of scientific findings and clinical practice); and (vi) some contemporary approaches in psychology research and practice that build on these social understandings. Students will gain experience in understanding how gender and sexuality are operationalised in psychology and its related fields of psychiatry and social work in both research and practice, as well as the tools to critically evaluate the promises and limitations of individual research studies by considering them in these broader contexts."
PSYC281,Conversational Telugu I,psychology,1,
PSYC304,Developmental Psychology,psychology,4,"The course examines changes across different time points in development by addressing four central questions of developmental science: continuity, plasticity, sources of development, and individual differences across the lifespan. Empirical data from infants, children, and adolescents will be examined to explain the developmental processes and learn about the emergence of the human mind."
PSYC307,Writing like a Psychologist,psychology,4,"This course is attuned to the art of writing from a psychological perspective. It will commence by establishing the intrinsic connection between reading scientific texts and crafting them, providing students with insights into reading and interpreting various types of text, such as research papers, science journalism, and fiction. Subsequently, it will delve into the intricacies of articulating the challenging and often elusive facets of human experience that defy straightforward expression, and yet are the work of the psychological researcher. Addressing both abstract concepts and technical elements of scientific writing, students will engage in theoretical discussions, practical exercises, and real-world examples of writing on psychological topics. The primary focus will be on enhancing skills for writing research reports and research papers, ensuring a comprehensive understanding of effective writing principles within the discipline."
PSYC321,Educational Psychology,psychology,4,
PSYC326,Health and Sports Psychology,psychology,4,"There has been a radical shift in understanding of health and wellbeing. The traditional biomedical approach is giving way to a multi-faceted biopsychosocial approach. Similarly, the processes underlying stress, motivation, wellbeing and team performance in sports demand a greater understanding of the athletes as social beings. Psychology has an indispensable place in the scientific knowledge of health and sports. However, the narrow and individualistic theorisation of different micro and macro-level factors remains a critical challenge to overcome. This course seeks to enable the students to navigate these challenges by focusing on the vibrant  psychological processes underlying the fields of health and sports. Taking a lens of groups and identities, we will examine the ‘group’ in the individual that makes these phenomena possible and, at the same time, offers tools for effecting a change. In this course, we shall pursue the questions emerging from the field of health and sports, ground them in scientific knowledge and interrogate them through hands-on exercises."
PSYC327,Social Psychology,psychology,4,"This course will build social psychological foundations for the sociality of the self, interpersonal relationships, and group behaviour in Psychology. This will serve three important and interconnected purposes. Firstly, students will learn to think about social psychological research and some of the classic studies in nuanced and complex ways. Secondly, students will learn to critically appraise the work and findings of social psychological concepts reported in public discourse. Finally, students will learn to expand their concepts of the self as social beings with multiple social identities and bring these to bear upon their interpretation of social behaviour. The course will bridge the gap between simplified concepts in standard social psychology textbooks and the rigour, complexity and uncertainty of findings in the primary literature, including, among others, journals and theses."
PSYC333,Psychology of Language,literature|psychology,4,"This course offers an introduction to the fundamental concepts in the psychology oflanguage, exploring the nature of Natural Language and how it is structured andprocessed by the human brain. Students will delve into key topics such as syntax, orsentence structure, and phonology, the sound structure of language. The course alsoexamines the cognitive processes underlying language comprehension and production,and how natural language is represented and processed in the brain. The course willintroduce to formal theories of Language, focusing on Syntax, Phonology andPhonetics, and subsequently guide them through psycholinguistic theories of linguisticprocessing in the brain. Besides being introduced to the theoretical and experimentalconcepts foundational to the field, the students are also exposed to the history of thedevelopment of psycholinguistic thought, and the various frameworks of psychology thatare relevant to understanding Natural Languages. Through a combination of lectures,discussions, and hands-on laboratory activities, students will gain a deeperunderstanding of the complex relationship between language and the mind."
PSYC334,Introduction to Clinical Psychology,psychology,4,"The exploration of madness has served as a captivating frontier for both artistic expression and scientific inquiry throughout history. This course aims to familiarise students with a scientific approach to comprehending clinical conditions in humans. It delves into fundamental inquiries: How do we understand what is normal and what is abnormal? What constitutes mental health and illness? How are these concepts evaluated and quantified, and by whom? This course will provide an introduction to different ways of thinking about distressing states of mind, beginning in antiquity and moving onto the biopsychosocial model of contemporary clinical psychology. Following this history, the course will introduce contemporary psychopathological categories such as developmental, anxiety, mood, psychotic, and personality disorders along with the assessment instruments that are used to diagnose them. Additionally, students will explore how different theoretical frameworks, including cognitive-behavioural, psychodynamic, humanistic, and systemic perspectives, conceptualise these conditions, offering diverse lenses through which to understand and treat mental health issues. We will enhance our research-based understanding of the categories of mental illness via a close reading of first-person narratives of the experience of mental illness. In the final segment of the course, students will examine political movements that have significantly reshaped the discourses surrounding mental illness, reframing it as distress, disability, or divergence. Through this exploration, students will gain insight into the socio-political forces that influence perceptions of mental health and contribute to the evolution of mental health policies and practices."
PSYC335,Motherhood Family and Childcare in India,psychology,4,"The aim of this course is to interrogate the sociocultural constitution of motherhood as a psychological experience. Challenging the Eurocentric depiction of the mother-infant dyad reproduced in psychology literature, this course approaches a sensemaking process through the intersectionality of cultural psychology, feminist intersectionality, and critical developmental psychology perspectives. Through the course, students will examine motherhood as a social institution and study the nurturing bonds women have with children and others. In so doing, students will focus on analyzing the stereotypical representations of the mothers as “monstrous” and “consecrated”. Subsequently, students will have the opportunity to examine the developmental experiences of women such as pregnancy, childbirth, and caregiving rooted in the family and communal life in India. Students will have the opportunity to understand how family life, cultural practices, technologies, and structural inequities structure multiple trajectories for motherhood and their childcare decisions.  Lastly, taking Burman’s “Child as Method” as an analytic and pedagogical device, students will unpack various contemporary and historical discourses on childhood and parenting shapes and regulates motherhood as a site for “oppression” and “resistance”. We will explore how everyday acts of mothering are performed as resistance to prevailing sociocultural norms."
PSYC340,Testing & Measurement in Psychology,psychology,4,"This course provides a comprehensive introduction to the theory of psychological measurement and contemporary measurement procedures utilized in psychology. Throughout the course, students will learn to interpret and use existing psychological tests and measures and develop the knowledge and proficiency to evaluate these instruments critically. This course is particularly relevant for psychology majors as it lays the foundation for a deep understanding of the reliability and validity of psychological assessments, which are essential for evidence-based practice and research in various psychology domains."
PSYC341,Theories of human development,psychology,4,"The course delves into the dynamic processes and mechanisms influencing developmental change, emphasizing the interplay of biological, psychological and environmental factors shaping development from infancy to late  adulthood. Additionally, the course provides foundational concepts such as nature vs nurture; continuity vs discontinuity; stability vs instability and the role of critical and sensitive periods in development."
PSYC348,"Culture, Cognition, and Subjectivity:  Psychological Worlds Across Contexts",psychology,4,"Comprehension of cultural factors is a key to critical inquiry onto all major branches of
 psychology such as cognitive, developmental, social, and clinical. Moving across
 mainstream, critical, and non-Western approaches — with a focus on South Asian
 contexts,this course explores how human subjectivity and cognition are embedded in
 and are shaped by culture, history, and social worlds. We will examine how
 psychological processes are mediated through language, embodiment, ritual, narrative,
 and social structures like caste, gender, and coloniality."
PSYC417,A General Introduction to Psychoanalysis,psychology,4,"This course will introduce psychoanalysis, focusing on the groundbreaking work of Sigmund Freud that transformed our understanding of mental life in the late 19th century. Although psychoanalysis is often associated with sex, it actually encompasses a broader exploration of societal pressures and the ideologies surrounding sex and sexuality. Freud challenged prevailing psychiatric and psychological models by introducing the concept of the unconscious. Psychoanalysis provides a unique framework to delve into the internal divisions of human subjectivity, particularly through the study of the unconscious in clinical settings. Moreover, it offers valuable insights into the influence of culture and social forces on the construction of individual difference. The course will examine the dynamic interplay between individuals and society, the intersection of clinical practice and cultural context, and the complexities of sexuality and sexual differences. Students will have the opportunity to analyze and critique Freud's theories and methods, encouraging a critical examination of his work while also exploring how contemporary psychoanalysts continue to build upon and refine his ideas."
PSYC430,Psychology of Disaster Response & Humanitarianism,psychology,4,"Psychology of Disaster Response and Humanitarianism is an interdisciplinary course drawing on thefields of disaster studies, humanitarian aid policy, and psychology. This course will introduce students tothe field of International Disaster Psychology in relation to Humanitarian politics and the intertwinedimpacts that these have on individuals and communities affected by disasters. Through the course, weshall evaluate the defining concepts of disaster, risk, resilience, and humanitarianism, the narratives thatsustain these concepts and which in turn shape policy decisions. From the panoramic view of thepolitical landscape of international agencies like the UN, we shall learn to think with a socialpsychological lens of community and group responses in emergencies and disaster scenarios, bringingthis together in a focused look at particular psychological interventions through different case-studies"
PSYC431,Helping Skills,psychology,4,"This course is designed to provide an introduction to psychotherapy skills. Students will be able to understand elements of ethical and effective counselling practice. They will be able to identify and use various helping Skills at a beginner level with an appreciation of personal and sociocultural factors. The course also aims to enhance students' understanding of self as a tool and increase self-awareness and self-reflective abilities. Students will practice helping skills with each other every week. Attendance is mandatory and contributes to the course grade. Note that the course will involve discussing and working with emotionally charged content. Students should also be prepared to reflect on and talk about (not mandated) some personal/emotional issues in class. 
Important Note: Completing this course does NOT qualify students to practice as counsellors or therapists."
PSYC432,Counselling Skills: putting theories into practice,psychology,4,This course is designed to provide an introduction to psychotherapy skills. Students will be able to understand elements of ethical and effective counselling practice. They will be able to identify and use various helping Skills at a beginner level with an appreciation of personal and sociocultural factors. The course also aims to enhance students' understanding of self as a tool and increase self-awareness and self-reflective abilities. Students will practice helping skills with each other every week. Attendance is mandatory and contributes to the course grade. Note that the course will involve discussing and working with emotionally charged content. Students should also be prepared to reflect on and talk about (not mandated) some personal/emotional issues in class.
PSYC434,Critical Disability & Inclusion Studies,psychology|sociology,4,"This advanced undergraduate course offers an interdisciplinary introduction to Critical Disability and Inclusion Studies (CDIS), foregrounding disability as a socially constructed and politically mediated category. Moving beyond individual and medicalized understandings, the course approaches disability through frameworks rooted in social justice, political economy, and intersectionality.
We begin by examining the historical and cultural construction of disability and ableism, alongside the emergence of critical theories of access, normalcy, and inclusion. The course then explores how developmental norms shape understandings of childhood disability, and how inclusive education can be reimagined through both psychological and pedagogical models. In the clinical module, we turn to psychiatric disability, community mental health, and cultural critiques of diagnosis and medicalization.
Intersectional concerns—such as gender, caste, sexuality, age, and race—are woven throughout, enabling students to critically engage with how multiple forms of marginalization structure experiences of disability. We also examine institutional practices, with case studies of inclusion efforts in higher education, such as at Krea University. The course concludes with an analysis of legal frameworks and policy debates in India and globally, grounded in the history of the disability rights movement.

Students will engage critically with theory, policy, and practice to design more inclusive and just systems."
PSYC437,Introduction to Counselling Theories,psychology,4,"Counselling psychology stands out as one of the most popular branches within the field of psychology. This course is designed to introduce students to theories in Counselling. Counselling Psychology offers the ways and means to work with human beings in psychological distress. Thus it is the sub-field that not only offers an application of various understandings of the mind, but also an important purpose to the vast knowledge that the discipline generates. The history of counselling is rich and dynamic. It has been influenced by social, political and intellectual movements at various times. This course aims to familiarise the students with this complex past and present of counselling through some of the major theoretical streams that developed within Psychology.Through thorough exploration and critical analysis of various counselling theories, students will delve into the core principles, concepts, and methodologies integral to the counselling process. Engaging with case studies and role-playing scenarios, students will have the opportunity to contextualise theoretical constructs within real-life counselling contexts. By navigating the complexities of counselling theories, students will gain a deeper understanding of the nuanced approaches employed in the therapeutic encounter."
PSYC438,"Advanced Qualitative Research: Power, politics, pleasure",psychology,4,
PSYC440,Testing & Measurement in Psychology,psychology,4,"This practicum course introduces students to the theory, principle, and technique involved in psychological testing and measurement. The course discusses the history of psychological testing and processes involved in test construction, reliability and validity establishment, and test standardisation. It examines some widely-used tests for Personality, Intelligence, Aptitude, Projective and Ability tests. This course also gives the basic training needed in conducting a psychological test, including understanding the need for a manual, test administration, scoring, interpreting and reporting. It discusses the applicability of psychological testing in various fields including Clinical, Organisational, School and educational, Developmental settings, Career counselling, Forensic, Sports, Defence and Military Psychology. Finally, this course looks into the ethical and practical issues in testing."
PSYC442,Political Psychology,psychology,4,"Political psychology has been defined as the 'application of what is known about human psychology to the study of politics' (Sears, Huddy & Jervis, 2003, p. 3) and social psychology has influenced the study of political psychology more than any other subfield of Psychology. The course will introduce students to an overview of political psychology with a focus on questions that are currently central to the field’s concerns. These include construction of group identities, emotions and actions, collective mobilisation with a focus on leadership processes, and citizenship (as an example of group membership in a political community) through the lens of psychological theories. I have designed the course with learning built in three phases:
The first phase: will be bringing our common sensical understanding/ opinions/ knowledge/ to the table. We shall collate and think about what we ‘know’ about prejudice, for instance.
The second phase: we shall then interrogate our findings from phase 1 with research from psychological theories. I will lead this with lectures and working with our interactions in class as data points.
In the third phase, we shall work with the theories that we have learned to look at political material including websites/ speeches/ songs/ videos/ social media posts.
Students will thinking with psychological theories and the clarification of many misunderstood psychological studies (including the famous Obedience studies of Milgram, Conformity studies by Asch, and even the supposed bystander effect of not helping people in crisis.) Students of psychology will find that a healthy interest in the world around them, engaged thinking of stepping outside the realm of only the ‘individual’ will help in constituting the psychological selves in political ways."
PSYC443,Experimental Social Psychology,psychology,4,"This course develops on foundational concepts of social psychology and the research methods courses offered in the Psychology programme at Krea, and introduces students to the exciting world of technological mediations in psychological processes. This is primarily lab-based and will use equipments available in the psychology lab at Krea. We shall introduce students to experimental designs in immersive environments through Virtual Reality MetaQuest3 headsets, the use of EEG and Eye-tracking in studying real-world phenomena from climate change responses to social interactions to mental health interventions. The course aims to be a technologically mediated exploratory journey of social psychological research. It shall be taught by instructors of social psychology and cognitive psychology."
PSYC444,Advanced Social Psychology,psychology,4,"This course is designed for advanced students of social psychology interested in pursuing questions at the boundaries of social psychological imagination. The course aims to teach the nuts and bolts of social psychological research to students who are already familiar with concepts in social psychology and are interested in honing their potential research ideas into ‘researchable’ questions. This shall be done by developing on concepts taught in social psychology to critically reading current cutting-edge research employing various methods, including experimental designs and qualitative analysis. The modules are designed to critically engage with social identity and self categorisation approaches that inform areas in psychological research.

The success of the course depends on student interest as much as instructor guidance and has been designed to integrate both equally. Students will identify their areas of interest (for example, health psychology, feminist interpretations, moral psychology, femcel mobilisation, cultural folklores, military psychology) early on in the course with the instructor’s guidance, which they will then follow with critical reading of both theoretical and empirical articles in conjunction with the modules of foundational approaches, methods, contemporary sites of behavioural analysis (including social networking sites), emotion and cognition, and social norms designed in the course. There will be a fair amount of work in this course, and it will be difficult at times – that’s the “advanced” part."
PSYC501,Introduction to Clinical Psychology,psychology,4,"This course introduces clinical psychology as a field concerned with understanding psychological distress within its broader social, cultural, and ethical contexts. It examines how concepts such as mental health, illness, and psychopathology are shaped by historical developments, theoretical frameworks, and systems of classification. Moving beyond purely individual explanations, the course foregrounds the role of social structures and lived experience in shaping mental health, with particular attention to the Indian context. It encourages students to critically engage with how distress is defined, interpreted, and addressed across diverse settings. Overall, the course positions clinical psychology as both a scientific and socially embedded practice, emphasising reflexive, context-sensitive, and ethically informed approaches to mental health and care."
PSYC502,Human Development & Psychopathology,psychology,4,"In this course, we will learn about the developmental origins, progression, and social contexts of psychological disorders. Taking an integrative approach, this course draws upon developmental psychopathology, lived experience, and cultural perspectives to analyze what gets classified as psychopathology in childhood and adolescence. Case studies will be used to discuss how early developmental experiences shape mental health outcomes in adulthood and later life, and what risk and protective factors influence the nature of psychological vulnerability and resilience."
PSYC521,Becoming Reflective Practitioners,psychology,4,"This course explores the development of the counselor’s personal and professional identities, focusing on the cultivation of self-reflection as a core clinical competency. Students will investigate the ""person of the therapist"" and how their own internal landscape — values, biases, family-of-origin patterns, and physiological states — influences the therapeutic encounter. Alongside this self-inquiry, students will practice and refine foundational counseling skills, including active listening, empathic responding and purposeful communication, recognizing that technical competence and self-awareness are mutually reinforcing dimensions of effective clinical practice."
PSYC522,Common Factors in Counselling,psychology,4,"This course investigates the common factors across models of psychotherapy and counselling, prioritizing the shared mechanisms of change over school/model-specific techniques. Students will examine the essential elements of successful counseling relationships while critically evaluating the foundational dichotomies and theoretical debates that define the field. By exploring these core tensions, the course provides a comprehensive framework for understanding the diverse landscape of modern approaches to mental health."
PSYC523,Counselling Skills I - Systems Approach,psychology,2,"This course provides a comprehensive exploration of the Marriage and Family Therapy (MFT) field, tracing its historical evolution from foundational roots to modern-day applications. The curriculum investigates the theoretical architecture of both classical and emerging models, equipping students to critically appraise their utility across diverse family structures. Beyond theory, the course emphasizes essential clinical skills in family therapy as well as the ethical complexities unique to systemic work."
SOCL201,"Communities, Identities and Cultures in India",political science|sociology,4,"What is identity? How do community identities define socio-political practices? Does identity and othering go hand in hand? How do languages shape community identifications? How does popular culture inform identity formation in India? What is majoritarianism and where do we locate the minorities in India? How are diasporic identities constructed and sustained? In the course ‘Communities, Identities and Cultures in India’ we would ask several such questions and seek answers. This course intends to explore social identities and social locations in India from the perspectives of practices, diversities, and hierarchies around those practices. Expanding on the discourse of personal is political, this course aims to analyse how our everyday practices and identifications stem from larger community affiliations, which also imply stereotypes and othering. The course is divided into four parts - in the first part we will contextualise the significance of communities and identities at large, and survey how scholars have located and critiqued community as an analytical concept to investigate what collective identity might mean in India with special reference to ethnic identities, religious identities, colonialism, nationalism, and secularism. The immersive engagement in this section will deep dive into village studies, and engage with different scholarly approaches to the study of culture through festivals, ritual and other forms of community cultural expression. In the second section we will look into social construction of identities, and how community identity becomes a category of experience through the prism of social categories, cultural expression, and language. This section will also capture the pulse of linguistic nationalism as the defining point of identity assertion in India on one hand and English language elitism as an expression of colonial lingering on the other. In the third segment we will examine the role of mediation, media, and identity and community formation in the diaspora. In this section, students will also engage with transnational frameworks and diasporic identities. Having located the politics around community affiliations and collective identities in the conceptual and theoretical contexts, in the fourth and the last segment, students will undertake a small research project."
SOCL205,Political Economy of Development,political science|sociology,4,"In the 20th century, the entire world came to be divided into ""underdeveloped"", ""developing"" and ""developed"" countries. Underlying this division was a hegemonic project of ""development"", an extended process of structural transformation associated with industrialization and modernization of economies and societies, largely led by and operating within nation-states. Since the heydays of modernization, this consensus has unravelled in four ways. First, there have been many normative critiques of development, as well as many alternative normative agendas for development (e.g. human development, inclusive development, sustainable development). Second, the centrality of the national scale is no longer taken for granted; development processes are understood to operate at multiple scales ranging from the local to the global. Third, both in popular and academic discourse, there has been a reconsideration of the respective roles played by governments, firms, non-governmental actors, social movements, etc. in the development process. Finally, in development scholarship, there has been a proliferation of the methodological and theoretical frameworks used to analyze the development process.

In this course, students will be introduced to different intellectual traditions of development scholarship, and their interactions with the world of policy-making and implementation. Accordingly, the course is divided into three modules. The first module, titled the “History of Development Thought”, helps students understand how ideas about development have evolved since the early 20th century. In the second module, titled “Methodological Innovations”, students are introduced to new approaches to development scholarship and its relationship with evidence drawn from the real world. The final module, titled “Development Dilemmas”, picks up a sample of concrete dilemmas emerging from development debates in recent years.
This course will be reading and writing-intensive; in addition to weekly response essays, students will write a literature review and a position paper on a topic of their choice."
SOCL206,Introduction to Feminist Theory,philosophy|political science|psychology|sociology,4,"This course introduces key directions and themes in feminist thought and practice, both global and local, spanning a time frame starting from the eighteenth century to the contemporary times. Examining how gender and sexuality operates in society, we examine how gender is not an individual attribute or a role, but rather a system of social practices that constructs different categories of people—“men” and “women”—and organizes social interaction and inequality around this difference. The course will take a sociological approach in understanding what is sex and gender , how they operate in the labor market, at home, and at school, and how they structure our everyday lives at the individual, interactional, and institutional level. Throughout the course, we will prioritize reading, evaluating, and questioning feminist theory and sociological research on gender. We will also investigate feminist thought from a variety of disciplinary perspectives and theoretical orientations and focus on key debates such as the sex/gender system, intersectionality, sexual difference, and essentialism, amongst others. This course aims to think through the ways in which gender and sexuality intersect with caste, class, community and the nation. The aim of this course is to unravel the centrality of power in the practice of gender."
SOCL211,Economy and Society,sociology,4,"The human “propensity to truck, barter, and exchange” (a la Adam Smith) lies at the heart of all
modern economies. And yet, social scientists have adopted widely diverging theoretical
frameworks to understand how market economies function and evolve. At one end, the dominant
strand of economics today takes rational and instrumental action by individuals as its starting
point when modelling market exchange. By contrast, an equally influential stream of social
thought assumes that economic behaviour is conditioned by the same set of social and political
institutions that also govern other types of non-economic behaviour. In this course, students will
be introduced to the latter set of intellectual traditions in political economy and economic
sociology, wherein “institutions” are treated not merely as constraints upon economic behaviour
but also as constitutive of both the preferences and norms that inform such behaviour.
The course is divided into two modules. The first module (four weeks) revisits the work of some
original thinkers to locate the intellectual origins of this field of study. The second module poses
a series of comparative and historical questions that help illustrate the evolution of the capitalist
world economy from the 18th to the 21st century. Some of the possible themes to be covered in

the second module will include: the great divergence, industrialization and financialization,
inequality and social im/mobility, mass education and the establishment of professions, tax
reforms and welfare states, and new social movements."
SOCL213,Media and the Public,political science|sociology,4,"Why does media ownership matter? Is media freedom genuinely safeguarded in democracies, or is that merely a myth? How does social media contribute to community polarization in India? What constitutes the public sphere, and to what extent is it shaped by gender? How do diasporic communities negotiate cultural identity through food and engage in political discourse via social media? In what ways do diasporic communities engage with social media for political participation, debate and mobilization, and how does this impact political dynamics in both their host and home countries ? This course seeks to critically examine these pressing questions by engaging with key theoretical and empirical scholarship at the intersection of media, politics, society, and diaspora. It will provide participants with conceptual tools to analyze how media practices are shaped by power relations, and how they, in turn, influence public life, and shape up identity. The course concludes with a project, allowing participants to apply core concepts and analytical frameworks to contemporary empirical media related issues or case studies. Emphasis is placed on critical thinking, interdisciplinary engagement, and reflexive analysis."
SOCL215,"Anthropology of Violence: State, Power , and Politics",political science|sociology,4,
SOCL218,"Beasts, People and Wild Environments",environmental studies|sociology,4,"This introductory and interdisciplinary course focuses on human/animal stories to explore socio-cultural worldviews especially in relation to identity, social justice and the redistribution of natural resources, particularly in South Asia. Through ethnographies, films, novels and paintings we will explore the lives of those living in communities which depend on or live close to wild animals. The course aims to be an informative, provocative and a fun introduction to an exciting and relatively new field of scholarship."
SOCL225,"Caste, Community, Coloniality: From Victimhood to Political Responsibility",history|literature|political science|sociology,4,"The language used by activist and scholars to capture power, privilege, violence, and injustice has for various reasons remained underdeveloped. This course introduces scholarship that seeks to expand this language so as to enable articulation of nuances that are otherwise lost. Critiquing the dominant colonial and postcolonial frameworks, it takes a fresh look at the imbrication of caste, community and coloniality in South Asia. Pushing beyond the usual impasse on the binaries of perpetration and victimhood, blame and guilt, culpability and innocence to concerns like epistemic injustice, collective responsibility, implicated subject and the pure concept of forgiveness, it explores problems like: how we come to inherit collective responsibility for acts of violence and injustice that may have preceded us or may not have committed directly, and yet on closer examination find ourselves variously implicated in. Apart from introducing new concepts, the course offers a reflection on contexts like Kashmir that make the intricacies, contradictions and overlaps between caste, community and coloniality manifest."
SOCL236,Social Movements,political science|sociology,4,"What constitutes a social movement? Why and how do social movements emerge? Who joins
social movements and why? What strategies do they use? How do social movements differ?
Which resources are essential for social movements? Why are some successful, and some are
not? These are some of the questions that the course intends to address.
Emphasis will be not only on the processes and career of the movements but also on the
conditions and contexts that give rise to collective mobilization. The students will be encouraged
to ultimately reflect on more general questions about the nature of political power, resources,
conflict, and legitimacy, as well as, the relationship between human agency, social structure, and
historical change."
SOCL241,"Health, Data, Politics",sociology,4,"‘The more data the better’! ‘Data is the new oil’! This course problematizes these maxims by familiarizing students with the politics and paradox of data in healthcare. The course examines how data is produced, enacted, cleaned, refined, represented and utilized to diagnose and prevent disease outbreaks, expand access to healthcare, and determine patterns of funding and resource allocation in global health. In recent years, the term data has been attached to a range of approaches and processes, such as data-driven, data-fied, and data-based systems, to signify the promises that data holds for improving healthcare and advancing development.
Central to these approaches are the infrastructures and technologies (digital and otherwise), such as surveys, statistics, satellites, smartphones, apps, algorithms, big data, platforms, and artificial intelligence, that generate, maintain and circulate data from dispersed sites in the pursuit of more precise, predictive, and pre-emptive health outcomes. We ask how these infrastructures reconfigure everyday health work, doctor-patient relationships, and broader understandings of expertise, innovation, accountability, transparency and trust. And, on a more micro level, how digital and data infrastructures encourage new forms of self-care and self-monitoring practices? 
What modes of health governance do data infrastructures enable and what does that tell us about the role of the state in the delivery of healthcare? What happens when an eclectic mix of new public-private actors (technologists, designers, entrepreneurs, and consultants) enter this ecosystem? And, what does that reveal about underlying power dynamics, inequalities and market interests that animate data-driven healthcare? This course brings together scholarship from science and technology studies, medical and political anthropology, and critical data studies. We will read ethnographic accounts (with a significant focus on India and Africa) as well as policy-oriented documents. This approach situates grounded, empirical insights within broader political and institutional contexts."
SOCL257,The Social Construction of Nature,environmental studies|sociology,4,"Is nature the external world; or are humans part of nature? Is human subjectivity natural; or is it socially constructed? Are relations between human and non-human animals, or actors, social? Is there a pristine nature out there? Such debates around ‘the social construction of 'nature’ have animated discussions of the relationship between nature and society since at least the late twentieth century, and continue to offer valuable insights. This course introduces students to these debates around the perceptions of nature—human, non-human and more-than-human; the historical and often unsuccessful disciplining of more-than-human natures by dominant social, political and economic interests; and the emancipatory and democratic politics for socioecological justice that counter capitalogenic expropriations of more-than-human natures.
The first module examines the binary distinction between human and non-human nature, including human and non-human animals. In the second module we discuss the disciplining of more-than-human natures (including other species and affordances such as land, rivers or forests) by historically particular dominant interests. A fieldtrip animates the discussions in this module through exposure to lived negotiations of socioecological relations in a particular setting. The third module discusses the historical subjection of more-than-human natures to market imperatives in the pursuit of profits, and how their exploitation, depletion and dispossession have accelerated multiple socioecological crises in what has been termed the capitalocene. We end with a discussion of what democratic and emancipatory politics of more-than-human justice might look like."
SOCL304,"Qualitative Methods: Researching the Social, Political and the Historical",history|political science|sociology,4,"This course introduces the students to the various aspects, approaches and techniques of qualitative research. Qualitative research in social studies is significant for theory building and examining empiricism through exploration of the field. Distinct from quantitative methods, qualitative research methods involve close and long-standing interaction with the participants leading to various ethical and subjective considerations in research. This is also implicated in the researcher’s own location on and off the field. In addition, conducting field work involves multiple stages, sample selections, approaching and entering the field and planned process of observation. In the light of this, the course is divided into four sections. First section “Overview: key concepts and definitions” addresses the fundamental concepts related to qualitative research and the subject of methodological awareness required for conducting qualitative research. In the second module, “Various approaches of qualitative research”, the course offers detailed discussions on ethnography, case studies, life history method content and discourse analyses and the stages of theory building following an inductive approach to research. This module also extensively discusses the structural challenges and possibilities of conducting field work. The third module “Political economy of qualitative research” engages with the broad questions of how to conduct auto-ethnography and use the self as a research method; it deals with concepts like cultural insider, covert research etc. The fourth and the last module “Research Project” includes empirical research projects conducted by the students following various stages of qualitative research."
SOCL305,Introduction to Political Anthropology,history|political science|sociology,4,"This course offers an accessible introduction to political anthropology by tracing how the field emerged, how it relates to allied disciplines, and what makes anthropological approach to power and politics distinctive. Through close readings of foundational texts, key theoretical debates, and ethnographic case studies from diverse contexts, students will explore how political anthropology has evolved, what questions its practitioners grapple with today, and what the framework contributes—as well as where its limits lie—in understanding political life. Organized into five modules, the course examines the field’s origins and boundaries; anthropological perspectives on politics and the political; debates around the nation, state, public sphere, and civil society; anthropological approaches to protest and revolution; and ethnographies of political violence."
SOCL306,Introduction to Sociological and Anthropological Thought,sociology,4,"This required course introduces students to key moments in the development of sociological and
anthropological thought. Starting with the origins of the two disciplines; the ways in which both
disciplines are from inception implicated in the social, historical, political and economic context
out of which they emerged; we proceed to examine how ideas have emerged over time, through
relentless critical inquiry and engagement with diverse and changing contexts. Each module will
introduce students to a particular moment in the discourse and involve engagement with a
selection of representative texts drawn from key sociological and anthropological thinkers. This
is not an exhaustive course on the history of sociological/anthropological thought, nevertheless
the representative selection of texts is aimed at elucidating key theoretical insights of important


thinkers. Students are expected to undertake immersive reading and critically reflect on the ideas
thus introduced and their relevance (or not) in the contemporary world."
SOCL325,Eco feminism,environmental studies|sociology,4,"Ecofeminism is a school of feminism that seeks to understand intersectional nuances between
gender and environment under the patriarchal capitalist framework. The central aim of
ecofeminism is to offer an understanding of anthropocentric and androcentric worldviews on
both nature and women. As a school of feminism, ecofeminism is diverse with contradictory and
complementary perspectives about the relationship between women and nature. The course will
encompass the history, theories, and movements of ecofeminism that took place in the United
States, India, and Africa. Based on ecofeminist theories, students will examine the political,
social, and developmental impacts of ecofeminism on gender and climate change, and find
avenues for scholarly conversation in activism and research. The course will engage the students
with creative aspects of ecofeminist thoughts through literature, arts, and other creative projects."
SOCL328,"Kinship, Family, and Community",sociology,4,"""Why are the young women of some communities of Tamil Nadu, for example, expected to marry their maternal uncle i.e. mama? How and why did the Kulin Brahmins of Bengal justify having numerous wives? Traditionally, amongst the Nair, women were financially independent and inherited their mother’s house. Why did British colonialism change certain laws around marriage and inheritance and how did these transform family structures as well as ideas of gender and community in South Asia? Kinship, or how people are related to each other, has been an important way of learning about them and their culture. The categories some of us might have long considered “natural” such as gendered identities, patriarchal norms, social hierarchies, and even political systems, have revealed, especially when considered in light of other cultural systems, as constructed. So when discussing the Nair kinship system or hijra understandings of identity and community, for example, we will explore the role of religion and colonialism to critique traditionally held Western notions as well as deeply engrained religious beliefs, both centring on the patriarchal family and its associated gender essentialisms. 
A close study of kinship patterns from across the world will throw up historically variable, socially produced, and politically charged issues, which will enable us to critically explore the blinkered beliefs held on race, caste, and gender. After briefly situating the anthropological debates on kinship, gender, relatedness, caste, and community, this course will introduce a range of contemporary ethnographies to discuss recent socio-legal and political developments and how these end up refashioning today’s societal norms."""
SOCL335,Caste and Indigeneity Studies: Critical Perspectives from South Asia,sociology,4,"Varna, jati, kula, caste, tribe – this course begins by unpacking the historical categories, processes, institutions and practices through which social formations in the Indian sub-continent have been described, prescribed, and governed by rulers, elites, empires, governments and other formations of power on the one hand, and experienced by subjects on the other. Drawing on original texts, scholarly writings, discursive cultural production and social movements, we attempt to unravel how the study of, and response to, social organization in the Indian context generates often contradictory understandings of caste as social fact, experience of cultural identity, social imaginary, a fluid and potentially mobilizable social category, an instrument of power and domination, and dehumanizing technology of subjugation, humiliation, oppression and violence. The course attempts to trace the trajectory of epistemic understandings of caste from colonial understandings of social stratification to critical caste and technology studies, and their critical potential for interrogating the complex socio-economic, political, cultural and religious institutions and processes through which modern Indian society continues to reinscribe caste as an everyday social experience for over a billion people on the planet. Through the arc of the course, we will engage with the troubled ontological implications of social organization in Indian society, which tethers knowledge of self and other through lived experience while perpetuating forms of epistemic, infrastructural and arbitrary violence on historically oppressed and marginalized sections of society."
SOCL336,The Sociology of  Law,political science|sociology,4,
SOCL337,Place and Space in Culture,arts|literature|philosophy|sociology,4,"This course explores Place, and its co-relate Space, as inspiration for poesis, conceptual category, and line of inquiry in investigating humans and non-human social relations and lived
experience. How have humans construed Place in their relationship with their environments, and with each other? How have they responded to, interacted with and shaped place in action
and imagination? How does the experience of place shape notions of self and other, and produce forms of social and political action? How do the body and the senses become
incorporated in producing particular experiences of Place? How do we perceive and make sense of built environments, and nature as distinctive categories of place-based experience?
We will follow poets, philosophers, historians, and anthropologists as they engage and respond to place worlds, across time and space. We explore three conceptualizations of Place and Space here, from poetics, phenomenology and Marxist social theory as ways to attend to humans in place and on the move."
SOCL338,Capitalism: Essential Readings,economics|history|political science|sociology,4,This course familiarizes students with diverse classical and critical perspectives to capitalism. We will explore key thinkers and draw connections with contemporary debates around the various manifestations of capitalist relations.
SOCL340,The Urban Process,history|sociology,4,"This course examines ‘the urban’ as a field of inquiry and theorization from a relational perspective.
The course discusses key thinkers and debates in urban studies and analyses from the industrial
period, particularly from the mid-19th century, to the contemporary period. The course will enable

interdisciplinary thinking regarding urban phenomena, including urban form, social relations and
theorization. We will discuss key theoretical insights and shifts in understanding urban relations by
situating social contexts historically. The course materials will further disrupt the binary silos of
urban and rural studies by interrogating the co-constitution of the urban and the rural, albeit with an
emphasis on forms of urban life. A field trip will further provide first hand experience of the rural-
urban continuum, and facilitate the theorization of the distinctions therein."
SOCL345,Social Conflict and Religious Division: Exploring Contemporary India,political science|sociology,4,"How do food practices and taboos perpetuate caste,
racial, and religious divisions in India? In what ways has forced assimilation impacted the cultural and political autonomy of Indigenous communities? What gendered insights emerge from the lived experiences of half-widows in Kashmir in the context of prolonged conflict? Can religious violence be understood as a catalyst for political mobilization and state consolidation in contemporary India?
How does religious polarization shape diasporic politics? Does popular culture in India sustain majoritarian worldviews and contribute to their normalization? To what extent does digital media amplify political and social divisions? How does Bollywood cinema, as a popular culture, intensify stereotypes and othering? This course critically interrogates key questions at the intersection of politics, history, society, and culture in contemporary India. Structured around three interrelated units, Unframing India, Politics of Popular Culture and India in Cinema, the course traces the historical and political trajectories that have shaped the nation’s cultural and ideological formation."
SOCL346,Sociology and STS through Science Fiction,literature|sociology,4,"Sociology and STS Through Science Fiction” treats speculative cinema and short fiction as the basis for a comparative ethnography of power. Across eleven weeks, the course follows a curated sequence of science fiction films (Gattaca, Arrival, Akira, Blade Runner, Snowpiercer, Equilibrium, The Matrix, District 9, Sorry to Bother You, Brazil) alongside anti-caste and South Asian speculative writing drawn primarily from The Blaft Book of Anti-Caste SF and The Gollancz Book of South Asian Science Fiction, Volume 2. These materials provide grounded, situated imaginaries of genetic citizenship, infrastructural domination, border regimes, racial capitalism, bureaucratic violence, and abolitionist horizons that are often only abstractly theorized in canonical social theory. Students thus learn to read films/speculative narratives as sites where states, markets, and technical systems are made visible: how metrics fabricate “valid” and “invalid” lives; how simulations and media infrastructures encode ideology; how camps, checkpoints, databases, and documents enact caste/race, gender, and class hierarchies; how insurgent publics, underground networks, and counter-futures contest these arrangements. Each weekly module pairs one film with a small cluster of short fiction and an average of 60-70 pages of sociology, anthropology, and STS (e.g. Benjamin, Browne, Hall, Fraser, Ahmed, Bhattacharyya, Robinson, Suchman, Das & Poole, Gupta), training students to mobilize concepts such as biopolitics,
infrastructures, racial capitalism, social reproduction, surveillance, and ontological
politics through close formal analysis rather than decontextualized summary.
The course is explicitly comparative and decolonial in orientation. It centers anticaste,
Dalit-Bahujan, and Global South perspectives to interrogate who is rendered human, governable, expendable, or impossible in dominant techno-political
imaginaries, and invites students to experiment with their own public-facing critical
work (Sociology and STS Through Science Fiction” treats speculative cinema and short fiction as the basis for a comparative ethnography of power. Across eleven weeks, the course follows a curated sequence of science fiction films (Gattaca, Arrival, Akira, Blade Runner, Snowpiercer, Equilibrium, The Matrix, District 9, Sorry to Bother You, Brazil) alongside anti-caste and South Asian speculative writing drawn primarily from The Blaft Book of Anti-Caste SF and The Gollancz Book of South Asian Science Fiction, Volume 2. These materials provide grounded, situated imaginaries of genetic citizenship, infrastructural domination, border regimes, racial capitalism, bureaucratic violence, and abolitionist horizons that are often only abstractly theorized in canonical social theory. Students thus learn to read films/speculative narratives as sites where states, markets, and technical systems are made visible: how metrics fabricate “valid” and “invalid” lives; how simulations and media infrastructures encode ideology; how camps, checkpoints, databases, and documents enact caste/race, gender, and class hierarchies; how insurgent publics, underground networks, and counter-futures contest these arrangements. Each weekly module pairs one film with a small cluster of short fiction and an average of 60-70 pages of sociology, anthropology, and STS (e.g. Benjamin, Browne, Hall, Fraser, Ahmed, Bhattacharyya, Robinson, Suchman, Das & Poole, Gupta), training students to mobilize concepts such as biopolitics,
infrastructures, racial capitalism, social reproduction, surveillance, and ontological
politics through close formal analysis rather than decontextualized summary.
The course is explicitly comparative and decolonial in orientation. It centers anticaste,
Dalit-Bahujan, and Global South perspectives to interrogate who is rendered human, governable, expendable, or impossible in dominant techno-political
imaginaries, and invites students to experiment with their own public-facing critical
work ("
SOCL347,"Humiliation: Power, Subjectivity, and Social Life",literature|political science|sociology,4,"This course explores humiliation as both an intimate emotion and a powerful social force. Drawing on philosophy, psychoanalysis, ethnography, military and conflict studies, caste/race scholarship, and literature—with South Asia as a comparative anchor—students examine humiliation as a moral violation, psychological injury, tool of governance, structural condition, and literary motif. The course equips students with theoretical insight, ethnographic sensitivity, and ethical reflexivity while engaging with challenging histories and lived experiences."
SOCL348,Social Media & Society,computer science|data science|sociology,4,"Social Media & Society"" examines digital platforms as central institutions of contemporary social life. Rather than treating social media as a discrete technological domain, the course conceptualizes platforms as sociotechnical
infrastructures that mediate visibility, labor, identity, governance, and inequality at scale. The course begins by analyzing the infrastructural and classificatory foundations of social networking systems before progressing to the forms of work, algorithmic reasoning, and public-making that they enable. Subsequent modules address the intensification of harm—misogyny, racism, casteism, extremism—as well as the emergence of illicit economies, trauma narratives, and new forms of digital care. The syllabus combines foundational scholarship in Sociology, STS, and Media Studies with recent qualitative and theoretical studies from diverse global contexts.
Across these readings, students engage with influencers, platform workers, nationalist publics, disability activists, sex workers, extremist groups, and content moderators—each case illustrating how platform architectures and governance regimes shape social practices and political possibilities. By the end of this course, students will be able to articulate how social media systems structure contemporary social life and to critically assess the political, ethical, and epistemic implications of their design and governance."
SOCL349,"Global Mobilities: Borders, Ecology, and Development",history|sociology,4,"This course offers readings to understand the dynamics of human mobility across the globe, with a particular focus on borders, ecological change, and development-induced displacement. Drawing on interdisciplinary studies, the course is a sociological and anthropological exploration of mobility, whether by force, necessity, or aspiration, in a world increasingly shaped by border security, ecological crises, geopolitical conflicts, and economic development initiatives. One major theme will be the changing nature of borders and how state policies, international regimes, and border technologies mediate mobility, often creating new forms of exclusion and precarity. The second major focus of the course will address ecological displacement—mobility triggered by climate change, environmental degradation, and natural disasters. Students will examine how environmental stressors intersect with existing vulnerabilities, including race, class, gender, and indigeneity, creating complex patterns of mobility and immobility. The third focus will be on development-induced displacement: the forced relocation of communities due to infrastructure projects, urban expansion, resource extraction, and conservation initiatives. Students will analyse the underlying logics of such displacement, often justified by narratives of progress or national interest, and the uneven power relations that shape who gets displaced, who benefits, and who is left behind.

The course, though borrowing readings from all disciplines, is grounded in anthropology as it connects the everyday experience of migration from across the world with questions of power. These are just some of the questions we will ask ourselves throughout the course as students will be encouraged to reflect on the assumptions and concepts that underlie our often strongly held beliefs about migration."
SOCL352,"Gender, Masculinity and the Languages of Grief",psychology|sociology,4,"This course explores grief as a political emotion and examines how gender is constituted in response to loss. Using a range of texts that draw upon literature, psychoanalysis, and anthropology—including traditions of lament and dirges across cultures, as well as ancient and modern literature on grief, and explorations of gendered modes of grief historically available to men and women—it offers insights into how men and women are socially expected to process loss and perform mourning. The course invites reflection on how such performances, both in everyday and eventful contexts, whether aligned with or at variance with social expectations, enable the articulation of divergent political imaginaries and possible futures that could potentially disrupt the dominant order of things."
SOCL355,Quantitative Research Methods in Humanities and Social Sciences,political science|sociology,4,This course will introduce students to research methods in the humanities and social sciences. This is designed as a foundational course for those interested in research in the humanities and social sciences. It is meant to familiarize students with a broad range of methods and analytical tools commonly employed in research in these fields.
SOCL406,Religion and Society in South Asia,history|political science|sociology,4,"This course is about the study of Religion with a particular focus on South Asian religions (Hinduism, Jainism, Buddhism, Zorastrianism, Christianity, Islam, and Sikhism), as they have been studied anthropologically, historically and politically – as daily beliefs and practices, and in relation to wider South Asian culture, history and politics. This course will provide both a grounded study of religious practices and religions in Afghanistan, Bangladesh, Bhutan, India, the Maldives, Nepal, Pakistan, Sikkim, Sri Lanka as well as a postcolonial critique of the study of religions and nationalism in the South Asian realm.
The course will explore why the transformation of the public sphere in South Asia shows the increasing importance of religious movements, and of the political use of religious symbolism in new communication technologies. One of the most important trends in the present era is the attempt to create a homogenous religious community, not only within the national territorial space, but also in a transnational space. If such attempts offer a sense of identity for communities, it also offers a brutal confrontation with “the Other,” however defined. The violent conflicts between Hindus and Muslims, between “high” castes and Dalits, between Shi’as and Sunnis, between Buddhists and Hindus, Buddhists and Muslims are sad reminders of a growing confrontation which is not only regional, but increasingly global.
This course will therefore combine historical awareness, conceptual acuity, spatial mobility. This will lead us to an analysis of the effects of imperial interactions, state formation and how these provide a crucial perspective for the unravelling of the multiple transformations of religion, religious nationalisms, the global framework of religious fraternities, and what informs the choice of certain identities over others."
SOCL411,The Political Sociology of Globalization,political science|sociology,4,"This course provides a critical examination of globalization and its multifaceted impacts across nation-states, analysing the expanding networks that continuously reshape the contemporary world, with particular attention to structural asymmetries between the Global North and Global South. It situates globalization within historical, economic, and cultural contexts while engaging with social movements and practices emerging from transnational flows of capital, people, and ideas. The course is structured into three units. Unit 1 introduces foundational debates and conceptual frameworks in the political economy of globalization, tracing its historical evolution through key readings including Saskia Sassen, Amartya Sen, Anthony Giddens, A.G. Frank, Scholte etc. Unit 2 focuses on Indian society, examining the intersections of culture, religion, and class, drawing on the scholarship of Surinder Jodhka, Sanjay Srivastava, and others. Unit 3 explores international migration and digital media as both outcomes and drivers of globalization, engaging with Arjun Appadurai’s concept of “scapes” alongside the work of Koen Leurs, Karim H. Karim etc  to analyse diasporic formations, cultural flows, and the mediascape in shaping transnational identities and publics. The course concludes with a fieldwork-based research project, enabling participants to apply theoretical frameworks to empirical inquiry and gain hands-on experience in analysing the dynamics of globalization in contemporary contexts."
